filepath,label
./dataset\bohochic\01cf67cb855f668100dad31259940b95.jpg,bohochic
./dataset\bohochic\0383794525b77159f8fe2bd0df1ba065.jpg,bohochic
./dataset\bohochic\03b74bfd8be46df01ebe37a0c8f2be43.jpg,bohochic
./dataset\bohochic\047fa57f72148429038dd086c63040cd.jpg,bohochic
./dataset\bohochic\0ab74d7fc099e4b87cd45153c8c7558a.png,bohochic
./dataset\bohochic\0d5e945d26d5f4f539af9992b9dc95d6.jpg,bohochic
./dataset\bohochic\0fb834746440c9284e04e559f4ff2a54.jpg,bohochic
./dataset\bohochic\10c1b30c7e5d017acc8fc50ba9b29029.jpg,bohochic
./dataset\bohochic\12aae595e8edc58b5091373915c5aef6.jpg,bohochic
./dataset\bohochic\146f479280485c6182c6098406c72a04.jpg,bohochic
./dataset\bohochic\193050442bf286973ccd7314ef70de15.jpg,bohochic
./dataset\bohochic\245247a1b9d289d7c9e3b2c1ed58ba25.jpg,bohochic
./dataset\bohochic\2561d36c6adbdf43a1f973a9ac0ed6a4.jpg,bohochic
./dataset\bohochic\27c0ed5027c4dc97b3c2ae3d3da8a9a4.jpg,bohochic
./dataset\bohochic\2e8a50c179d6e008095bade66bc1b4a1.jpg,bohochic
./dataset\bohochic\30663d7405d6bc9908ca61967062dbfd.png,bohochic
./dataset\bohochic\3183690a3c25c7f4271731a20a8eefaa.jpg,bohochic
./dataset\bohochic\326192e7a2273bb253f5d455bbc1d559.jpg,bohochic
./dataset\bohochic\347599f66afc300025aef54055ad77ce.jpg,bohochic
./dataset\bohochic\352aa2bc2e726326298d91a1c1d53803.jpg,bohochic
./dataset\bohochic\357ce3634f910af04dc2a412cd0158ec.jpg,bohochic
./dataset\bohochic\3b68dd34cfe11b2a474d88cc02dfd562.jpg,bohochic
./dataset\bohochic\3bf3fce257d4b0817b0f94a1293e9d52.jpg,bohochic
./dataset\bohochic\3cf4027432cbd51b4fb764f20f61a160.jpg,bohochic
./dataset\bohochic\3f19e67100bd4dc9cc9f9414293c53fb.jpg,bohochic
./dataset\bohochic\44d2164adaf191355d00b3f9b3d9eef5.jpg,bohochic
./dataset\bohochic\482ee6d6769369a0f18420eb7d2b6e6d.jpg,bohochic
./dataset\bohochic\4a45a4cd6d1e357831c29766891ecfcc.jpg,bohochic
./dataset\bohochic\4c00e13cdb1be3b05fd1d39c13011ccc.jpg,bohochic
./dataset\bohochic\4f53eec1acfebb44483a9391919b35e4.jpg,bohochic
./dataset\bohochic\50381d6a770f9658abc10d52311f1bee.jpg,bohochic
./dataset\bohochic\50894a565e60cca401718a269d14b2f7.jpg,bohochic
./dataset\bohochic\51e2219df82cf4e827798265ccd91cd7.jpg,bohochic
./dataset\bohochic\53070946e66b372cf5ab112fda651a0f.jpg,bohochic
./dataset\bohochic\55107a0b6aad4df5a5a3e6dcf9c6d975.jpg,bohochic
./dataset\bohochic\56537c1683535a8a9e8a643995a0b5b1.jpg,bohochic
./dataset\bohochic\574066700dfe385d29b753da18c5c96b.jpg,bohochic
./dataset\bohochic\5887b63685fcf69d10e872208c5822a8.jpg,bohochic
./dataset\bohochic\58a288edd4cf3c7f361d199f43d61162.jpg,bohochic
./dataset\bohochic\590a9e626849310cbc239d40f49756ba.jpg,bohochic
./dataset\bohochic\5be313926be976cc507469f2a63421e7.jpg,bohochic
./dataset\bohochic\5f7d3d8df2e371f86b95b8c289139186.jpg,bohochic
./dataset\bohochic\605ad40894780d6e5c1ca43441f3e985.jpg,bohochic
./dataset\bohochic\61c9f23015a2f80ab608cd85d7184a88.jpg,bohochic
./dataset\bohochic\62ce7ee7e2a108e41b981d9f8f215e37.jpg,bohochic
./dataset\bohochic\63f8edef0278a1c451f50b3ba355bf88.jpg,bohochic
./dataset\bohochic\640d63f853484b88429fe388f575fd4b.jpg,bohochic
./dataset\bohochic\653911f743289513d8f6e7b9d0128377.jpg,bohochic
./dataset\bohochic\67c9f2dfe4792c1c25fd3409c543501e.jpg,bohochic
./dataset\bohochic\68b7cd62b654caf55abed20478d8eab6.jpg,bohochic
./dataset\bohochic\6b66be834f17e1c48d1f824085b5788c.jpg,bohochic
./dataset\bohochic\6bbe27e4134ae456e1ce712ce68fcfdd.jpg,bohochic
./dataset\bohochic\6be3cf885cc82a073ad6c35ff518718e.jpg,bohochic
./dataset\bohochic\7102105518b066bef2f399d82c6e3b34.jpg,bohochic
./dataset\bohochic\712d1d10426211443c94cccb02ca1f96.jpg,bohochic
./dataset\bohochic\71af87655679b320895e648dcd54af34.jpg,bohochic
./dataset\bohochic\758cd00597ac86681cb186c4bf801cb1.jpg,bohochic
./dataset\bohochic\779e6c499219b5583af752a32c33f750.jpg,bohochic
./dataset\bohochic\7c0a6d756d1a84325bf0bfd55d541c33.jpg,bohochic
./dataset\bohochic\7d30d4b84c48ac07a81b158817ca7d05.jpg,bohochic
./dataset\bohochic\847476d749d847499239dccda3f0fca0.jpg,bohochic
./dataset\bohochic\85a4d3e9a666cc10dab139574034a2ea.jpg,bohochic
./dataset\bohochic\8ac60cf0fe0163f7902f43daaec29882.jpg,bohochic
./dataset\bohochic\8b96d1eb333a02ee7568488073131a93.jpg,bohochic
./dataset\bohochic\910db331696ff535d05307d72b5460b0.png,bohochic
./dataset\bohochic\91b73e80d963cf37fcd1fe20ba154fa9.png,bohochic
./dataset\bohochic\95b831071c25e94b67b69f0209ca613d.jpg,bohochic
./dataset\bohochic\961fdaf4fb8be60936f4da58335fa12f.jpg,bohochic
./dataset\bohochic\a03f54d52cef7059692f227de992445d.jpg,bohochic
./dataset\bohochic\a21c230db19997f46c874d52ac937565.jpg,bohochic
./dataset\bohochic\a265adb0f2d03b52e9c727d2896a6be2.jpg,bohochic
./dataset\bohochic\a2cce8d4aa7faeec3a9cd92b931ba1c8.jpg,bohochic
./dataset\bohochic\a419def9097eaf67048c463c72aa37fb.jpg,bohochic
./dataset\bohochic\a53d6583f9d3cd67d5c8393a60397f18.jpg,bohochic
./dataset\bohochic\a543d1511501df8b25179c672772da78.jpg,bohochic
./dataset\bohochic\a64b55170a5390ccf066c396ff04d636.jpg,bohochic
./dataset\bohochic\a68724e5832ca499e2f257fe49a38c33.jpg,bohochic
./dataset\bohochic\a6ca45ff73f02fb7cede3fb9432b65b0.jpg,bohochic
./dataset\bohochic\a6d8923216a5d0d711d7c031a007a840.jpg,bohochic
./dataset\bohochic\a9008f9770a03bca0be9d355a80c645d.jpg,bohochic
./dataset\bohochic\acb849dfae8e63dc064aa8a167745aae.jpg,bohochic
./dataset\bohochic\af7e24c8434a48191f709f4bb972ab79.jpg,bohochic
./dataset\bohochic\aff14bb1372fbad59f9f78afcafa9d9e.jpg,bohochic
./dataset\bohochic\b1b6acb84deb6caa241f7436bf3aabc6.png,bohochic
./dataset\bohochic\b309acddc3f61a4855ee21da5a869c1b.jpg,bohochic
./dataset\bohochic\b3b732764e6069bffdd7d1f3522cfa15.jpg,bohochic
./dataset\bohochic\b5c9523634865f65784c177b2f5ee186.jpg,bohochic
./dataset\bohochic\b61510a01d65b664b17f767f80979d6d.jpg,bohochic
./dataset\bohochic\b7df710723f775b45bf770f060b6f4cd.jpg,bohochic
./dataset\bohochic\b99845263d56c7ee0e79ef157439eba3.jpg,bohochic
./dataset\bohochic\ba5267ac71fadc2383e404540cd246a6.jpg,bohochic
./dataset\bohochic\bab61e02309c7932a0b5a2a5e1506a43.jpg,bohochic
./dataset\bohochic\bd79ab76b0294c0068ff695ad14a3376.jpg,bohochic
./dataset\bohochic\be0f6c889fd54e52e5d3e590bda5affd.jpg,bohochic
./dataset\bohochic\be85ce580189c8d9339f27433c3432c0.jpg,bohochic
./dataset\bohochic\c054c83504c14e5f4f26cbe609de1e13.jpg,bohochic
./dataset\bohochic\c077ce5ade3e7e9f944d37e2ce580fda.jpg,bohochic
./dataset\bohochic\c1881a1b567eabe3ae31add20b6941ac.jpg,bohochic
./dataset\bohochic\c27097346a31c57ddc22fb7d9d9b4653.jpg,bohochic
./dataset\bohochic\c2f6ee7ac8d6dee3af7af1e399640e94.jpg,bohochic
./dataset\bohochic\c7eee2ef4651b1556145d306cac980c7.jpg,bohochic
./dataset\bohochic\c9bfea45f336f4331ee795a5bba71dfd.jpg,bohochic
./dataset\bohochic\ca6e1acb7bdb36b4784db5c9028a333f.jpg,bohochic
./dataset\bohochic\cb6a287ab960c5301e130aba63823388.jpg,bohochic
./dataset\bohochic\d03887a45e1cae9a351f7fa453766d1c.jpg,bohochic
./dataset\bohochic\d450db36cbcedc1812d43700c1394082.jpg,bohochic
./dataset\bohochic\d503bc2754b5e69d2cdaef98b7b65813.jpg,bohochic
./dataset\bohochic\d6cbab1b692d99079a616e11ec411a19.jpg,bohochic
./dataset\bohochic\d7c85c23c4126df5f95d4f5a49fe403c.jpg,bohochic
./dataset\bohochic\d87a633a0ac263498d1cc4a28e991f4e.jpg,bohochic
./dataset\bohochic\d8927fbcac4090e6eb1c25fddc29cdd7.jpg,bohochic
./dataset\bohochic\d93a07e5136672b92221090ccc910b60.png,bohochic
./dataset\bohochic\da6e1004951efcafc5fb7f534e3c57aa.jpg,bohochic
./dataset\bohochic\dd86650a133719195e9e667c97684c41.jpg,bohochic
./dataset\bohochic\e014b97af1946bfe4fbc7b2f29b6fff6.jpg,bohochic
./dataset\bohochic\e2e7b2344e6cae9d2f546052dcad9a3c.jpg,bohochic
./dataset\bohochic\e363f0c7290af261b947684bae199220.png,bohochic
./dataset\bohochic\e55b948f5b61f9984549de0a042f9b84.jpg,bohochic
./dataset\bohochic\e80dc1e40922661290d13f00cd8e29d6.jpg,bohochic
./dataset\bohochic\e9ba3b20ac80f77d5854b5b1876dee3f.png,bohochic
./dataset\bohochic\ea729d776ea539cd0e165b82cd66b02e.jpg,bohochic
./dataset\bohochic\eacbf5e5b8d52c52fd33adaa5cba3960.jpg,bohochic
./dataset\bohochic\eb7ceba4867be27cd3aa808f921a2968.jpg,bohochic
./dataset\bohochic\ed54d51d65c02d67780c97f1c40b775d.jpg,bohochic
./dataset\bohochic\eeb412d0355def1a6ea6f19abd4ab960.jpg,bohochic
./dataset\bohochic\f0eb8ff24e8039e66f10fb601a8b9036.jpg,bohochic
./dataset\bohochic\f117a6ccad476bc5a017cc23e5e5a8cf.jpg,bohochic
./dataset\bohochic\f2aa5ad3743108fec1fbd2b9943c10d9.jpg,bohochic
./dataset\bohochic\f3b116bc52f2cd3d030994129aeef9a2.jpg,bohochic
./dataset\bohochic\f663985ac030c469dce115698c4ec93c.jpg,bohochic
./dataset\bohochic\f8850b28be126517f9e437caa725ed2b.jpg,bohochic
./dataset\bohochic\f9e46fa624a2b90d83fe8d35a0cd50de.jpg,bohochic
./dataset\bohochic\fb842cd433c6fedcf3f9f92099ac5a99.jpg,bohochic
./dataset\bohochic\fe328e5d2c2cee41a6d8dad35957b6b3.jpg,bohochic
./dataset\bohochic\fe96b93efe48553834d97d29a1376e53.jpg,bohochic
./dataset\business\009af3f8772b6ce62e21f94c36c8223e.jpg,business
./dataset\business\01f6a22e17d1b8821d2c15bc720e7024.jpg,business
./dataset\business\04db5f54b3098088456a9465a2dc3627.jpg,business
./dataset\business\05d2e4b8ffced317b57018d590ff7c86.jpg,business
./dataset\business\06246de9bf0988e8b8df28dec00281aa.jpg,business
./dataset\business\0879045cf24d51bc63be47cbc0a08f36.jpg,business
./dataset\business\0b365894edf695b91c5601710c9db43b.jpg,business
./dataset\business\0c7aa8b0d13d2ea085fde17d7597d2a8.jpg,business
./dataset\business\13b032b5731d62847e2a0a2a3c5d3fae.jpg,business
./dataset\business\13b53d87ee7c788806e93163ce7b1728.png,business
./dataset\business\13e122de4af2c7717c89dd3704dff607.jpg,business
./dataset\business\13e7e85174fa2c287bf2b0f9f2e38a78.jpg,business
./dataset\business\16160bfbe9eeda5f6b84348f579c5bd7.jpg,business
./dataset\business\16197ef98909f6144bac456ba94b9283.jpg,business
./dataset\business\19bc5a6979f8e74d4ca60b62e944da1b.jpg,business
./dataset\business\1c13e67c57f080a4905204b8eb36657f.jpg,business
./dataset\business\201802954d9404d3502ad88de5e0a1a3.jpg,business
./dataset\business\210b3366ddef8e14f58c87876ee25a63.jpg,business
./dataset\business\21e9ec48b7047279072a1719b202b11c.jpg,business
./dataset\business\2372562d1451fc009408710910ed5509.jpg,business
./dataset\business\2456720cf8fe0cecb400d968f2af9f02.jpg,business
./dataset\business\25b2df2e4d2fd59c4bdeec8772820efe.jpg,business
./dataset\business\27947764b7fc72922d5e481c88cf6c5f.png,business
./dataset\business\2819786e934f0a53006859af07576386.jpg,business
./dataset\business\28f8f80a4c16f5ab4b010e294b09e131.jpg,business
./dataset\business\2c36775cb4a243b65aba8b93fb4d1b27.jpg,business
./dataset\business\2cdb89debca8106a6cf17adea29568bb.jpg,business
./dataset\business\2ce6c8460cdf4109769217e32120ec02.jpg,business
./dataset\business\2e182eede938b0f9c4afa138d84a8b39.jpg,business
./dataset\business\30190cd063afc82acc522e5c1ebeb2c2.jpg,business
./dataset\business\329fc26e3befcf818373ed4773f8088f.jpg,business
./dataset\business\361d6b1ec8ffcb3c6a8d1ae00fff83a7.jpg,business
./dataset\business\36c333974fdce8c9f5ae90e3f39509d1.jpg,business
./dataset\business\37b047378a04bf674c1f644317b344ba.jpg,business
./dataset\business\390db1268382688f3b47e9f2574ceb1c.jpg,business
./dataset\business\3a26fba38eefbef225e8e0eef72fe00f.jpg,business
./dataset\business\44d01b26b52e3589ab980fa001c882da.jpg,business
./dataset\business\45706865c11eac07f5f3d204df5c6c03.jpg,business
./dataset\business\463166829bc721323b07fe7f992743ca.png,business
./dataset\business\4653fdded29f213e98b9c3c002fbed19.jpg,business
./dataset\business\47ed0980b0fa457cfa8bf165f4583ecb.jpg,business
./dataset\business\47f91a8d476ca802a6e524f4066ba757.jpg,business
./dataset\business\4a87c91e85558d2f683136c7e51904db.jpg,business
./dataset\business\4a8f33f22dbd1d0ac42dffee15d9ce8b.jpg,business
./dataset\business\4b835c2e2795569522e707068bd28c11.jpg,business
./dataset\business\4c4d30a836b195cecb40e5a43e610288.jpg,business
./dataset\business\4ef1b0aedf67f6e7e0dc8e8833dcded7.jpg,business
./dataset\business\51145c2f82f764b1b54e1b60f43b0ea0.png,business
./dataset\business\514eb5ab4246ef5d4672ea66420d3f99.jpg,business
./dataset\business\5322d74fe5946315a88626d493467c58.jpg,business
./dataset\business\54464067cbf88bfe9c49475204dddb7f.jpg,business
./dataset\business\563d79ee47a850367b79265082fd8bd2.jpg,business
./dataset\business\566f358e2455beade96bb351748f6f3d.jpg,business
./dataset\business\5ca161a44d982045dd43db6626b4db52.jpg,business
./dataset\business\5d26a029faf89f0601ee1d3ca3ffe54e.jpg,business
./dataset\business\5f6e03aa9eee7258e7b3822cde1109ed.jpg,business
./dataset\business\6123ef1ffefe35cd7688db4e1fec627b.jpg,business
./dataset\business\62b59e5cbcdf497d6b1edc892b15c377.jpg,business
./dataset\business\62dca8f80286179423a1417a8a69aeb9.jpg,business
./dataset\business\6456e78372ac2b262464ff38c41f8708.jpg,business
./dataset\business\64cffe243517b0bc3311360aaa53fae4.jpg,business
./dataset\business\64d13dc60c75245dce34c802ddae58a7.jpg,business
./dataset\business\68210a3f960be9d13a6b15111305f233.jpg,business
./dataset\business\6a022cfaabae3395b280f5cfab511ea5.jpg,business
./dataset\business\6a12e3d978a27b8f562d4d4d01419203.jpg,business
./dataset\business\6bf65509aee9175f030077e6269a38ad.jpg,business
./dataset\business\6c93c9d6e87378a5df96b3c8a69974af.jpg,business
./dataset\business\6ce945399c4e156de85980e9d4094ded.jpg,business
./dataset\business\6fbc47ef8f0c02aa00a69bc2b78b09f5.jpg,business
./dataset\business\768e71cb1bbe44cb29598a3491f29428.jpg,business
./dataset\business\788a3ebbd357d68b129b81a074f5c258.jpg,business
./dataset\business\79d0be60a93d38cb0635162d15bd0f71.jpg,business
./dataset\business\79fc5edd81bad03ce23b5eb07552ef9e.jpg,business
./dataset\business\7a02b49a3500e2f3b15adaea670b8719.jpg,business
./dataset\business\7c19bfcc26cba4b7e438503b0be64d78.jpg,business
./dataset\business\7f37351500e40480202af275f4c55791.png,business
./dataset\business\800ca32be241ebecb4093168f7d11f7c.jpg,business
./dataset\business\8075694c45c12b2b65d541a4465114cd.jpg,business
./dataset\business\81112f9dcf3366b980c1e5d2e1064f27.jpg,business
./dataset\business\87ca6e0d02336100cfa47c48de63df5c.jpg,business
./dataset\business\885d1413467cac51952934f45f6ebf3d.png,business
./dataset\business\885e79c8f245893b855a379131d4e131.jpg,business
./dataset\business\890799fdfc8cdc878b136aed0830e826.jpg,business
./dataset\business\8a3053fa9133bf2b71d53163f9b223c0.png,business
./dataset\business\8b58594cb31032e831720daaf9eba513.jpg,business
./dataset\business\8fa315e7b35185323fb7d2212fa6f5f6.jpg,business
./dataset\business\918ef7c0f47e839ba5781c1d887d38c1.jpg,business
./dataset\business\932c2b7b39f9cddfe0cc387cb6feee16.jpg,business
./dataset\business\941172fe596cb66df1f01a257e915bc8.jpg,business
./dataset\business\94ad2c342dbc180a0d1e5a4571490b24.jpg,business
./dataset\business\94b4c4f8ec0291369ecdbdb54cdedaa1.png,business
./dataset\business\96770ad2b4213e0035582c4e025b1cad.jpg,business
./dataset\business\96b543c81f2e6f941da3eebac0ce7cd7.jpg,business
./dataset\business\96c9bba7b40115666f32a0f6026e4c77.jpg,business
./dataset\business\9954fcb0ebcf3e2d660320f05ed7cd38.jpg,business
./dataset\business\9f5e3ad49d142758a1709d0ccf889f2f.jpg,business
./dataset\business\9fe7f969f5f786eb20ebc2b535923fdb.jpg,business
./dataset\business\a0b647d3e5ff16a75e053979001cfdb1.jpg,business
./dataset\business\a18c9bc16ed37533b4783df204d5b6c7.jpg,business
./dataset\business\a3c26861dbe7eb8f00b1a765d0299b52.jpg,business
./dataset\business\a502480c93f9353e32a4200d22d38b27.jpg,business
./dataset\business\ab6f75e2e8167553b293b753003f0cfc.jpg,business
./dataset\business\ad67037da237a47d299ff0870f919b51.jpg,business
./dataset\business\ae20c28f560d14fffd3e6ebb45892e90.jpg,business
./dataset\business\ae79e0a54c8801615d0f1bb9ca275325.jpg,business
./dataset\business\b19a7ee8b13af1f7104a5ccd630b2631.png,business
./dataset\business\b2860aff4311f9bfc59a0840afda483a.jpg,business
./dataset\business\b390dcc33a8d4086525f53a85a399285.png,business
./dataset\business\b3a7ae875764e90d6a51b8e727f93723.jpg,business
./dataset\business\b48c3e877e207d5e10cb9ea1be5d9eee.jpg,business
./dataset\business\b7bd6b9b78538cdc9eb5e5424c00535d.jpg,business
./dataset\business\b8fe048455809675de0edbee5054ec4c.jpg,business
./dataset\business\b9882f065fb302cc6a5377d657ba0614.jpg,business
./dataset\business\bd67531f55b31875cac530f7c18afe33.jpg,business
./dataset\business\be1a061f2effdac215befb603a9e7473.jpg,business
./dataset\business\be6d2813d48268b0ba02abaaca50dd4b.jpg,business
./dataset\business\bf3fbb8ab5b4d28f426389810d4d22a6.jpg,business
./dataset\business\c2e2c687630aff09134db02349a2b04a.jpg,business
./dataset\business\c597e8d1f6bfa6fda8fead714b2517aa.jpg,business
./dataset\business\c5bdc0028d138ecdd9cfb352572af5e4.jpg,business
./dataset\business\c5c492408d5b1b93d09abd48827642a7.jpg,business
./dataset\business\c670d3d3618e754c449befc0e48b170f.jpg,business
./dataset\business\c75082fa60362a6a0cda5597c489aa73.jpg,business
./dataset\business\c77d1895c94fb5ed246ab7c6b01b950c.jpg,business
./dataset\business\c945d0f51a9a5c40d0ead7044f20b0c0.jpg,business
./dataset\business\c991e14733941898513a4d5831c69eb2.jpg,business
./dataset\business\ca90f34c00ad4a1f99a57cce935b9396.jpg,business
./dataset\business\ccffc102e8abfaf4ac41d9d6382d82ae.jpg,business
./dataset\business\cd78c4f3ce8e0c8ce0ca6e7921839652.jpg,business
./dataset\business\cfb838ea2527aa656136d6f5743f17fb.jpg,business
./dataset\business\d23c3b64e8edf226a9168cd84d9deeb8.jpg,business
./dataset\business\d499343e0344613718db2d8df8ec485b.jpg,business
./dataset\business\d49d6e39531ebfe6a5c5934282b1c2da.jpg,business
./dataset\business\da349265d1f24301f255fb216864ac8d.jpg,business
./dataset\business\da777b8bf4112a12fb1a1ae8f122dc0b.jpg,business
./dataset\business\dad752862708a46161e5a21a5df5b719.jpg,business
./dataset\business\dee0ddae8cc842ae2380588e7416785f.jpg,business
./dataset\business\dfb5ae22ea609d263654b5514e77acb1.jpg,business
./dataset\business\dfd4002f043711e12ae8d0c9a8cc6f26.jpg,business
./dataset\business\e49f126a73267372d8852839b4da4c77.jpg,business
./dataset\business\e61aeb840d7a75eb94f719a0b5c91894.jpg,business
./dataset\business\e93d35f1083df3c90a2aa4aafa251dd8.jpg,business
./dataset\business\e9b9cecfb025027639be173a8a87fb4e.jpg,business
./dataset\business\ec0d3d883499d58a7ee6ff30b04fa0c7.jpg,business
./dataset\business\ed8eb08ac96f6fe7f786c04f9fbe9e6f.jpg,business
./dataset\business\eea61c4550e8cea3fbf9e42c65631620.jpg,business
./dataset\business\f1741574461a1103c6038d03f4387dd0.jpg,business
./dataset\business\f2f525125634530a66304d169123d861.jpg,business
./dataset\business\f53ec201397d046914d54139721bfdec.jpg,business
./dataset\business\f672a2f019fdfefa7add332a65732280.jpg,business
./dataset\business\f7f6b614d159ee3d141d4415caa2504f.jpg,business
./dataset\business\fae64f9abff4246a893437db0dbc7909.jpg,business
./dataset\business\fd9693cc1e4ece8bd9dac06bd79d30c0.jpg,business
./dataset\darkacademia\00331807187fba9bf2fe7b755bf1200b.png,darkacademia
./dataset\darkacademia\005cf4d2d2c2044a90ed38979ccb12e6.jpg,darkacademia
./dataset\darkacademia\0722315dcd22c09c791c5069d5f365a1.jpg,darkacademia
./dataset\darkacademia\0be6dddea6e6c764f83cc8f466e058d3.jpg,darkacademia
./dataset\darkacademia\0c26aba5ed7c4e94c64349e2fa94aa69.jpg,darkacademia
./dataset\darkacademia\0f104f2cadc4e9b1a9e14123753cac63.jpg,darkacademia
./dataset\darkacademia\14a252b24b23ac8ce011850695b3edb0.png,darkacademia
./dataset\darkacademia\158e92a7ee7ebd43b187bf48dd5d4557.jpg,darkacademia
./dataset\darkacademia\15e32baaa28bf611dcd9d37c7a3dbeb1.jpg,darkacademia
./dataset\darkacademia\1603b10480749cb690a44076b762612a.jpg,darkacademia
./dataset\darkacademia\17f5373e7550c3d8e0fbd04dec50877e.png,darkacademia
./dataset\darkacademia\1931aa23fd84bfb9f53cb8fe51de9795.jpg,darkacademia
./dataset\darkacademia\2000de235aec4ccc429ee56584a8227b.png,darkacademia
./dataset\darkacademia\224954fdb8d23fce829eaafda27189a5.jpg,darkacademia
./dataset\darkacademia\2332c1232a41efba6b091fa19eb47963.jpg,darkacademia
./dataset\darkacademia\2354ca39313a52e119d43f6b7ef2e8e9.jpg,darkacademia
./dataset\darkacademia\2460d2731467671a76b155b0a16d1a85.jpg,darkacademia
./dataset\darkacademia\255d0d36094d55d2915cbba1e12e58a9.jpg,darkacademia
./dataset\darkacademia\25c21493c67c356a5d2e29813e51d197.jpg,darkacademia
./dataset\darkacademia\2a388779c3436e63dae84ef00d87098e.jpg,darkacademia
./dataset\darkacademia\2d6d7d5098e062ce87ff3e812a5c98ce.jpg,darkacademia
./dataset\darkacademia\2d6feabf16a259651c3fe63d6de35ff4.png,darkacademia
./dataset\darkacademia\2e82275774334a1e4346a6df2190d1da.png,darkacademia
./dataset\darkacademia\2eb9967a510ae61ff76952415af7d8eb.jpg,darkacademia
./dataset\darkacademia\30e6d2ead43ef5a624287d1190fe032e.jpg,darkacademia
./dataset\darkacademia\342746873f193d4298262fde79a973d7.jpg,darkacademia
./dataset\darkacademia\352e9a5c29a905d620ad962113d50295.jpg,darkacademia
./dataset\darkacademia\36415c12413cb750bf970696559d416a.jpg,darkacademia
./dataset\darkacademia\36447cb9cbdb500782c7cb0c905a9be7.jpg,darkacademia
./dataset\darkacademia\370fd53980e6f50cb0452f1423548f9e.jpg,darkacademia
./dataset\darkacademia\3d6a6977554a127170be367b9399aa64.jpg,darkacademia
./dataset\darkacademia\3e0cab9c47dc8741b66fcd6d5bd3913a.jpg,darkacademia
./dataset\darkacademia\3f04cd6e062bebe22f7392fecbef1c22.png,darkacademia
./dataset\darkacademia\3f706dac12fad755ca20ae7fc33f4ea9.jpg,darkacademia
./dataset\darkacademia\3fee0ce38a00ce43b14a4b963b0275dc.jpg,darkacademia
./dataset\darkacademia\429394b2784242340b0a7f1fe93791da.jpg,darkacademia
./dataset\darkacademia\44babeb99814c9155d98b9ec95ca1ad4.jpg,darkacademia
./dataset\darkacademia\4577a50b5ef859a3e0555fdaba515e94.jpg,darkacademia
./dataset\darkacademia\47ec945c0b23b82a4da62e2191bb3aba.jpg,darkacademia
./dataset\darkacademia\4c6e05b9718b9df30ef222d609ab0f00.jpg,darkacademia
./dataset\darkacademia\4ee0b3460a3a7afe286d97e01251b081.png,darkacademia
./dataset\darkacademia\50bfdd0403abb9d64759b187a86b2e73.jpg,darkacademia
./dataset\darkacademia\541a32405317fcbf6a68ceaa955d0b68.jpg,darkacademia
./dataset\darkacademia\55d8943b413bff3d13fca43a95e052c2.jpg,darkacademia
./dataset\darkacademia\58fb0ae37275e86bd980699bc00bf2f9.jpg,darkacademia
./dataset\darkacademia\5b69edf396d0964588769cb03f89c60b.jpg,darkacademia
./dataset\darkacademia\5bf44510ca57c2b71fd9079870e26b69.jpg,darkacademia
./dataset\darkacademia\5bf58a5ece87b9d695844a051df1d1a4.jpg,darkacademia
./dataset\darkacademia\5eb53dcac9e4675c8b18e545215f7ba5.jpg,darkacademia
./dataset\darkacademia\6018784d14e4d5a9a92308d239152795.jpg,darkacademia
./dataset\darkacademia\609ad9c468d0db33025238f05d360ecf.jpg,darkacademia
./dataset\darkacademia\6714e62cc3dd1d3d2c47cffc414f1f71.jpg,darkacademia
./dataset\darkacademia\672d599397a1f02db3776ebb19275351.jpg,darkacademia
./dataset\darkacademia\6aa63253c0cff3b4b2b57567811407df.jpg,darkacademia
./dataset\darkacademia\6c56ee94eed888da22141302902db494.jpg,darkacademia
./dataset\darkacademia\70ca66ac32438eea760cb5b86ac0ae59.jpg,darkacademia
./dataset\darkacademia\730630803a0c952af61515e2bbce4da2.jpg,darkacademia
./dataset\darkacademia\79a2c869f0c11a6dc76e2d5853efb8bc.jpg,darkacademia
./dataset\darkacademia\7abc06f78ea9ea92c29e09de6ab7be46.jpg,darkacademia
./dataset\darkacademia\7cfd1eda0ec627eec66d130e0331750f.jpg,darkacademia
./dataset\darkacademia\7d6d44201ca5534ee31536ab25bf389d.png,darkacademia
./dataset\darkacademia\7de162bff796104d37fd4c2447fff8a7.jpg,darkacademia
./dataset\darkacademia\86d1ddfae098a06af4ed818e8dd1dfcc.jpg,darkacademia
./dataset\darkacademia\86ef81715cfd7e55a3444abf8a006a8e.jpg,darkacademia
./dataset\darkacademia\8ba03ada624b39087ac407aaa1286ed5.jpg,darkacademia
./dataset\darkacademia\9050fbbd6ea563bc38f80565159ccdf2.jpg,darkacademia
./dataset\darkacademia\933ff9d961adef097ebf9581234de947.jpg,darkacademia
./dataset\darkacademia\93964de4e0d7df2ffa65abe13d635449.png,darkacademia
./dataset\darkacademia\93fd3d1b359de9df4f3f9773c2c3ea54.jpg,darkacademia
./dataset\darkacademia\947ee7dbd80f7a4f22d13a8819b8384f.jpg,darkacademia
./dataset\darkacademia\949ebdb9eb062f52e276fb4e8974b9b7.jpg,darkacademia
./dataset\darkacademia\94ea49c6516d537a0bbcdd59ae099019.jpg,darkacademia
./dataset\darkacademia\95b06ec4b49b2f9a861b4dec0745f8c5.jpg,darkacademia
./dataset\darkacademia\95f07842434bf1c13e2dc4176f1f28e5.jpg,darkacademia
./dataset\darkacademia\979155cc639fc671b57749962fabd9d1.jpg,darkacademia
./dataset\darkacademia\99a13a4acb6557155132fefaf136ac42.jpg,darkacademia
./dataset\darkacademia\99c19adf238bce8ed30c1d5c0e180af7.jpg,darkacademia
./dataset\darkacademia\9bb5d57b84dc2c8fa6a0b9ebe89920fa.jpg,darkacademia
./dataset\darkacademia\a03d33456c8576cc9c982478bf327984.jpg,darkacademia
./dataset\darkacademia\a314258efba7704f36a09f6ff230e036.jpg,darkacademia
./dataset\darkacademia\a3b228292ed3eee4a4ab1c08521914f4.jpg,darkacademia
./dataset\darkacademia\abc84ddf64ac343b03341cae8a11869d.jpg,darkacademia
./dataset\darkacademia\ad8e0a0b979cdb5333fe9479064cab81.jpg,darkacademia
./dataset\darkacademia\ada420ffa686fb841ea4df6f76954ac5.jpg,darkacademia
./dataset\darkacademia\ae0dc95ec6c016793fdf792381dab928.jpg,darkacademia
./dataset\darkacademia\b0164b4f27c51d9efbe2072bdadcf256.png,darkacademia
./dataset\darkacademia\b18138e8b59e1acb70d438a6011ddeae.jpg,darkacademia
./dataset\darkacademia\b1ec651ea4d52e23680204c860625a50.jpg,darkacademia
./dataset\darkacademia\b33e8ced66e551ea45f75ca9756bb70b.png,darkacademia
./dataset\darkacademia\b52fbee8e1555807e692558b190617a5.jpg,darkacademia
./dataset\darkacademia\b55b4db26812c586c6442623f2407445.png,darkacademia
./dataset\darkacademia\b677472e3beb450cf0588efa1bcd6a7a.jpg,darkacademia
./dataset\darkacademia\b83d3a464e78e4bfaf979bf161bffbcd.jpg,darkacademia
./dataset\darkacademia\b8cbc1b01cd493f11b72f6b1bbd649e9.jpg,darkacademia
./dataset\darkacademia\ba3462081d24b3b166b804685f98c143.jpg,darkacademia
./dataset\darkacademia\bbefb1dbe0edefa259562e5ac30dc3f8.jpg,darkacademia
./dataset\darkacademia\be37ca0010279acafe3c5586a9eaffdf.jpg,darkacademia
./dataset\darkacademia\bf6808bfef22b548498eb906bfaf36ed.jpg,darkacademia
./dataset\darkacademia\c02b6c069a0eb73b0dfaa5acfdb03b21.jpg,darkacademia
./dataset\darkacademia\c0914e5702aa4915dffbb539f700d099.jpg,darkacademia
./dataset\darkacademia\c85ea74ada6c203bd55feca532c7d715.jpg,darkacademia
./dataset\darkacademia\c93d1f5911e44ad44acab3df098351de.jpg,darkacademia
./dataset\darkacademia\c94fbce30585dbe80b30049b44c5cc6c.jpg,darkacademia
./dataset\darkacademia\c958fb5eb464f4013aa72fec1584d6ef.jpg,darkacademia
./dataset\darkacademia\caf7cf77d090f72d9652b1036d966dbc.jpg,darkacademia
./dataset\darkacademia\cb1b3f6b9c8c0ac20ba1065cc10147e2.jpg,darkacademia
./dataset\darkacademia\cc6c558876e6eb9fa945934bf0daa253.png,darkacademia
./dataset\darkacademia\cd9b82426eac8562523d4b395d6810d0.png,darkacademia
./dataset\darkacademia\cf72386f15bd2deb6dacc63b535817bf.jpg,darkacademia
./dataset\darkacademia\d1a9d29c4f514707fa1467724d0ad5e1.jpg,darkacademia
./dataset\darkacademia\d3a4c3461a969ad666d3f150831e4889.jpg,darkacademia
./dataset\darkacademia\d526ef52c9565f1247424e64522125b3.jpg,darkacademia
./dataset\darkacademia\d6350eb7ead4f5928754a739e1cdd98b.jpg,darkacademia
./dataset\darkacademia\d726fc16252e8719be7ba248028442ca.jpg,darkacademia
./dataset\darkacademia\d8424df0bd666f382e043e8a900e247f.jpg,darkacademia
./dataset\darkacademia\d9ac4bf1139e338fbb57c3a5098f4f5b.jpg,darkacademia
./dataset\darkacademia\db7615439da27a78fd1d7cc22fde0733.jpg,darkacademia
./dataset\darkacademia\dbca782636d6c90a3a64ed6ddcb7ffa7.jpg,darkacademia
./dataset\darkacademia\dc2b064c114b8ef5d9aec4e60070d0a7.jpg,darkacademia
./dataset\darkacademia\e17a29b3500ac6a153f136547510d3ae.jpg,darkacademia
./dataset\darkacademia\e5fb3df239f3108cce6d46b7e40e782d.jpg,darkacademia
./dataset\darkacademia\e7fadb6b52c5fd2451b72e26811c2f32.jpg,darkacademia
./dataset\darkacademia\e84b357895f546a827915ad127d620d8.jpg,darkacademia
./dataset\darkacademia\e8ac6899825053046b55ff6553177825.jpg,darkacademia
./dataset\darkacademia\ec5b23cb27bee14e955907310a567dd5.jpg,darkacademia
./dataset\darkacademia\ec63d4c80a01f7a73caccee0f4b7d291.jpg,darkacademia
./dataset\darkacademia\ed80983ccfaea68d9db90199101af429.jpg,darkacademia
./dataset\darkacademia\eeff3e8c5b9ed93843c23f2cd9c9338b.jpg,darkacademia
./dataset\darkacademia\ef30150d0dfc479aafe4cd9b932a95ae.jpg,darkacademia
./dataset\darkacademia\f03f69d0eee96bfe0b5e35c9a6d55de7.jpg,darkacademia
./dataset\darkacademia\f0de9e3fd87ea3d723ad203b2dcdf374.jpg,darkacademia
./dataset\darkacademia\f3dd6fb2e7d3dbe1f455578c0e3224d7.jpg,darkacademia
./dataset\darkacademia\f4dbec557ba7ae250d0775d89c0c2e15.png,darkacademia
./dataset\darkacademia\f6ee836988724814bbc5a93171ce1f6c.jpg,darkacademia
./dataset\darkacademia\f6f4f2bd6b4c4c2aa3cec277c113c961.jpg,darkacademia
./dataset\darkacademia\fe6ac00bb49e6b81bfa0bd14a98f5dc1.jpg,darkacademia
./dataset\darkacademia\ff44372c667caf965fb38dd72a0c4ade.jpg,darkacademia
./dataset\darkacademia\ff862357b8844fc5aa7be6cc579294cc.jpg,darkacademia
./dataset\darkacademia\ffd3e5c78ca73e80cc0763c0ee8df683.jpg,darkacademia
./dataset\darkacademia\fff8fbfd7bc8f463c26cd32df9c8df44.jpg,darkacademia
./dataset\desi\01d72c68b9cf9217ab6e2c2fe47840d5.jpg,desi
./dataset\desi\02933679cea05bc3ae698906edf9666a.jpg,desi
./dataset\desi\03124f4885ee0a2e54c3735761be819f.jpg,desi
./dataset\desi\036ae7b051d73db8ca0e69ad95265909.jpg,desi
./dataset\desi\041272d1a94f8775d9f09c5ed7f75fe2.jpg,desi
./dataset\desi\074f07627f7a66b31145589ff50356bf.jpg,desi
./dataset\desi\08a68eb0ccc4fb7b8d8e7934349790fd.jpg,desi
./dataset\desi\0a2464e0ed13c07ca597d8cd7fc70812.jpg,desi
./dataset\desi\0c0fff24cef32032276e32b8caf12435.png,desi
./dataset\desi\0c232bedbb0ec9a7f103185ab5bd9551.jpg,desi
./dataset\desi\0c7eac62bbba64e5ca76dcfda9328e3e.jpg,desi
./dataset\desi\0dd427c6f6b85d252f6592481d12fc22.jpg,desi
./dataset\desi\0e83f0dca92c2e2d94ede0ecee64faed.jpg,desi
./dataset\desi\0efaec4214dafe53fab3f5212c5ad6de.jpg,desi
./dataset\desi\0f98ab575202e07209f415c0154fedbc.jpg,desi
./dataset\desi\10166cb0952b4f90b800f00a02012aaf.jpg,desi
./dataset\desi\1045c4df54684340d1c8dc8e5a832e0a.jpg,desi
./dataset\desi\1111793da0058cc35e84bfe1e3c43e88.jpg,desi
./dataset\desi\15942c9ad83d1c5063001f3b59bc7563.jpg,desi
./dataset\desi\169dc01cc83d192ea7e98bd775931ebc.jpg,desi
./dataset\desi\17660924dc6c3cd41f86298c408f8983.jpg,desi
./dataset\desi\17e7a1935d616fc5bb2190d6d27cdfe9.jpg,desi
./dataset\desi\181099c86c5f2646af0362e003c692c9.jpg,desi
./dataset\desi\18c9e003b71538f7cdec0345dda115fe.png,desi
./dataset\desi\1961f58a296aaecade583e01ef340949.jpg,desi
./dataset\desi\1c4fcf85c826dbc3bc5d347dbdfa2915.jpg,desi
./dataset\desi\1dc097eedc53f1c1fbe2ab0428c0470c.jpg,desi
./dataset\desi\1ef12d1a11da7a50c594c5b1ded55d9a.jpg,desi
./dataset\desi\1fb47e08965c1bacb476ab15dc820360.jpg,desi
./dataset\desi\2079b8c56413edce91ee4c0e5889cfab.png,desi
./dataset\desi\20f202378f567606dd559e146c69dacf.jpg,desi
./dataset\desi\21c9eaea55f210666483f30f3fedaa30.jpg,desi
./dataset\desi\2230069ee18abf4ac5ed3f2f879c72d6.jpg,desi
./dataset\desi\23984cf0301d9d3297b33c957dab4b12.jpg,desi
./dataset\desi\23d5b50fba290db0c690f7fd8cbb33af.jpg,desi
./dataset\desi\25165e11c35c9f72c886fe0cc315a4a9.jpg,desi
./dataset\desi\26900e6da6adfffc20732dd9c21c3f73.jpg,desi
./dataset\desi\270aaf4adfb91d7dec1f9ff5696dad3c.jpg,desi
./dataset\desi\27f3ed8e594900ece1bdf2e6153728ac.jpg,desi
./dataset\desi\29317cd076064ac9fbb060ccabfa55ca.jpg,desi
./dataset\desi\29d47e8ce65507b9058a89b726c9ca03.jpg,desi
./dataset\desi\29ee5ad4a786a9861299aa0fceae643a.jpg,desi
./dataset\desi\29fd54f7be005ec6216da7ff5036097a.jpg,desi
./dataset\desi\2c85e9047ae991b0e87b5167ce2f9b35.jpg,desi
./dataset\desi\2d1b3373220ed86fad1f1c21d1e56d68.jpg,desi
./dataset\desi\2d21c30f7c36ed20adb62c8684d993fb.jpg,desi
./dataset\desi\2ec617b7095e864fc1cbe05b35727791.jpg,desi
./dataset\desi\30d794404757b23fa7d0805dd799c1eb.jpg,desi
./dataset\desi\3121d3cb1c658c7896b980fc7724c895.jpg,desi
./dataset\desi\33618ff7d8b32e80990845132d51a0da.jpg,desi
./dataset\desi\336454f29787e88b4c874c0e4f5d5a41.jpg,desi
./dataset\desi\3382f42badc5246bdbe620569884deb0.jpg,desi
./dataset\desi\3397671ff2f4a592a3bab4e592ed179b.webp,desi
./dataset\desi\3c8729238d733bfcf409694ac09c058d.jpg,desi
./dataset\desi\3ce8e57a31f54742f6132009b5d976e9.png,desi
./dataset\desi\3f29a75a4884215abb29e2a1f7221cc1.jpg,desi
./dataset\desi\3f54b36eebc4ce81a1caa1ef6faf05ee.webp,desi
./dataset\desi\40a67ba809319678ec0cc98509eedaa8.jpg,desi
./dataset\desi\414f9764457454568d3d9a52966fef7a.jpg,desi
./dataset\desi\43ea4996926bc3764f5409afa02d541c.jpg,desi
./dataset\desi\4663e570eb171b5af8426542446515c0.jpg,desi
./dataset\desi\46b0996127be11ee4c1556c1f5dbfad4.jpg,desi
./dataset\desi\475e6386b51b929fb0d2e8d7e0d8f194.png,desi
./dataset\desi\48f309e89e420ed5938cf2a2b828f569.jpg,desi
./dataset\desi\4ae7ce0ebbc8f7ca536dfd0eeddac441.jpg,desi
./dataset\desi\4d03f35d86bad839d599c81a5f2d97c4.jpg,desi
./dataset\desi\4d256b9272de49f089882e6e00efda38.jpg,desi
./dataset\desi\4e2a96ebc38a48100e4fcec27ec619f4.jpg,desi
./dataset\desi\4ec6d49c1f28cea3f5dea5b475ed53cd.jpg,desi
./dataset\desi\4fde45f4c255b16c631283f703fa3ea4.png,desi
./dataset\desi\525d001435f083896fed7e6d2f5db2f6.jpg,desi
./dataset\desi\5271a9a8cdaf5f0015bd84cc3ad470cc.jpg,desi
./dataset\desi\53cc8148dcb14feb1ced5560fcc87f46.jpg,desi
./dataset\desi\547d9eaaf101e52adcf776fbd718313a.png,desi
./dataset\desi\5621b1abf4ba87e03150cbbcc9101873.jpg,desi
./dataset\desi\577c3c261a8d81476852b501634be20c.jpg,desi
./dataset\desi\57998174a72d8f1c1186229700d33e01.jpg,desi
./dataset\desi\58a3c8ee480863dc8db52a9f38801824.jpg,desi
./dataset\desi\59e311405b30fc669fc482c2d753944a.jpg,desi
./dataset\desi\5af7498b59ec37eb79addadde02d3d9e.png,desi
./dataset\desi\5d002fe820ed00afbf0ed105570137d4.jpg,desi
./dataset\desi\5d4f95f00f64667ef127e0b4edcefa8b.jpg,desi
./dataset\desi\60766ca97d2baca3cf577724bd7502e8.jpg,desi
./dataset\desi\60dd0e29e2cd8053a31af3da407e15fd.jpg,desi
./dataset\desi\64378485c9363fe853e938a8ac3f5d96.jpg,desi
./dataset\desi\64b818f75b108499bd7f5027a6c6c87e.jpg,desi
./dataset\desi\65eb49e56dc4c94577ac21bed8c63ec1.jpg,desi
./dataset\desi\675079bd4e2800175262830cfcbae85c.jpg,desi
./dataset\desi\68e88383699f1e8cdd502f8e425f2ef5.jpg,desi
./dataset\desi\6a8f19aa5a21d36e478e07315a465434.jpg,desi
./dataset\desi\6b598d8925fcfb958b756d7f635d190d.jpg,desi
./dataset\desi\6bfb71b832cceb9cdfbc85ab2f371fdd.jpg,desi
./dataset\desi\6c87c6be0037d5b17ed296407d2ac181.jpg,desi
./dataset\desi\6f44cbfcd758c655dd461811c1dad866.jpg,desi
./dataset\desi\708de0271deacdfe3f38f9134863e347.jpg,desi
./dataset\desi\7239fe6cab5572f6f65b0359b16a8912.jpg,desi
./dataset\desi\73495c2b4975a4d35df5e5589dbb88f3.jpg,desi
./dataset\desi\758d154ceadc9f67e1f721d17ceb71b5.jpg,desi
./dataset\desi\76f0feeae09d497784c186cb871eb456.jpg,desi
./dataset\desi\771712b10f42401e7e7f215aeb70ff59.jpg,desi
./dataset\desi\798752fbab76c093afee879dbbf69b3b.jpg,desi
./dataset\desi\7b8da200beb5d73d37b8dd0dbe379874.jpg,desi
./dataset\desi\7cc0f8fd89618cf42c04e6e45fb9b528.jpg,desi
./dataset\desi\7e33dae0788b752a9deba6cd69148b30.jpg,desi
./dataset\desi\7e803f4062d512e64ebba8e35dc8147e.jpg,desi
./dataset\desi\7ef22bf817a3b71daebcea3178474d4b.jpg,desi
./dataset\desi\7fb0b7499e57d52f834dcc050ed785fd.jpg,desi
./dataset\desi\80f17135e7b2f990ae8738d463f4d4f1.jpg,desi
./dataset\desi\81f6aff573828ad9198b2f8821626c0f.jpg,desi
./dataset\desi\824d820f3886ce4e246711a03f1cf2e4.jpg,desi
./dataset\desi\826383a575b3f13b035efd78a1ea8b0b.jpg,desi
./dataset\desi\8263b6386746ae0bb87d8b13abd24db7.jpg,desi
./dataset\desi\841217c867a6abe473646ce2a6ab8f2a.jpg,desi
./dataset\desi\87bb11dfb4038e35ebfa9db7c0f65b45.jpg,desi
./dataset\desi\9053c74d173bd9fe8b9f0bcf073b66f4.jpg,desi
./dataset\desi\90632de00c5138573959648cd81b44e1.jpg,desi
./dataset\desi\95d528a4ee3eeba49eafd3b815d80507.jpg,desi
./dataset\desi\963ce98e6ad517d357aa8bda3e18a800.jpg,desi
./dataset\desi\96476c4bcf2168e94d7f3f7f89d806e1.jpg,desi
./dataset\desi\986f17d5126392e15452d79c861ddf4d.jpg,desi
./dataset\desi\9993528c1a53073662e85608fe760679.jpg,desi
./dataset\desi\99caa42d1beaf0b29397329c7064163b.jpg,desi
./dataset\desi\9abf0bc9ca6afd89854011396d04e810.jpg,desi
./dataset\desi\9e1f5c9900655fb3c09b378b0abeb45d.jpg,desi
./dataset\desi\a258c72311012dca6131e3541f1daf1b.jpg,desi
./dataset\desi\a3ee5efb511137e1cff75dc2d8c580d8.png,desi
./dataset\desi\a588af2f5c70f2ce453a148bd4894a1d.jpg,desi
./dataset\desi\a736423a6dc83120fd0b735fc2ac71f2.jpg,desi
./dataset\desi\a750d2b6d98526340455b5dab519d435.jpg,desi
./dataset\desi\a82a6c714c96ce6cf6ed0688701ec02c.jpg,desi
./dataset\desi\a93abd045ee4520a363f5b8a2e243983.jpg,desi
./dataset\desi\a9920fa3fde3a508230c93ba010fabbb.jpg,desi
./dataset\desi\aba32933cd9d90ca2706588f4e105a75.jpg,desi
./dataset\desi\aea29813c6950c248a3be3fc3db47c00.jpg,desi
./dataset\desi\af2a54b9c13c951832538205b757d4df.jpg,desi
./dataset\desi\afefdff82eb2023a5b8ecd2fdeab2732.jpg,desi
./dataset\desi\b2319156aeb313fecb03a0441aafd32f.jpg,desi
./dataset\desi\b4db9ded36196eb96d110cc89700c6fa.jpg,desi
./dataset\desi\b4f40ca7e19ae6e41323ef2c2241f178.jpg,desi
./dataset\desi\b6bcb5fc87c0c690e92594296b95ae5b.jpg,desi
./dataset\desi\b73db56f3f4aa54492ef820f7821485e.jpg,desi
./dataset\desi\b82754cbe0c00bf595373f63cac68cd5.jpg,desi
./dataset\desi\b89091d81f53abf119ddf3bed1c0fc33.jpg,desi
./dataset\desi\bb88d70b655521c15d9c5a8b96918c1f.jpg,desi
./dataset\desi\bcc09fd4ea40b9d15ccc4447c3e9ea38.jpg,desi
./dataset\desi\c0c068ae5aa43a484feebf8d432d935c.jpg,desi
./dataset\desi\c5b8072a067e3021aa91fedc8cb26921.jpg,desi
./dataset\desi\c64af1dd95f8295270e519017380d445.jpg,desi
./dataset\desi\c736a8d312338341ce495010a4163acb.jpg,desi
./dataset\desi\c78923c7112d4737ead2ac1a47cb02f0.jpg,desi
./dataset\desi\c7f1877c5c0b458f7d085fc975075539.jpg,desi
./dataset\desi\c821beefb78e763d391bcd1d5834e814.jpg,desi
./dataset\desi\c8970b25d01b35e6cb4885be0d99447b.jpg,desi
./dataset\desi\cb56506cc4b1f6ad6b34ee770498f472.jpg,desi
./dataset\desi\cbcdcaa9334549dae4e3e2bd12445622.jpg,desi
./dataset\desi\cbe0be2eef7d9feb055a5824583ac9d6.jpg,desi
./dataset\desi\ce9bfaa99476b225d25c51dbfd2cba5b.jpg,desi
./dataset\desi\d16599a3c99618bca60df7d82ad1a447.png,desi
./dataset\desi\d32e02743b9cb9bcc87efb7269ab39df.jpg,desi
./dataset\desi\d33a64b740b5753a527a45bed0b38384.jpg,desi
./dataset\desi\d3ee601b3fe4729a24077aac43fc4b3e.jpg,desi
./dataset\desi\d5140494d55e87b3ff3085e669448f07.jpg,desi
./dataset\desi\d521bcfbbe9bab6ccb6b3ae4e0abd352.jpg,desi
./dataset\desi\d714d442ac940d7463ced192b83e4166.jpg,desi
./dataset\desi\d7a9b66b84f3100caa65e2a765373ba7.png,desi
./dataset\desi\d96baa75260f173b7bdb4292115f8583.jpg,desi
./dataset\desi\d98df348b8249bf6f20012680b5587a3.jpg,desi
./dataset\desi\db14851eca3ba7c2451e5a9d03b26042.jpg,desi
./dataset\desi\dc53aec94df79476eb9f397de3571c8e.jpg,desi
./dataset\desi\dc9c01ea5c2e8e1e7aa43836c2fd3ae2.jpg,desi
./dataset\desi\dccc90a5e36ff3f6f2e7882e21ff0a63.jpg,desi
./dataset\desi\e0ffb9319833d02fc8b959561c1e3bdb.jpg,desi
./dataset\desi\e382965f40b501e64bb67dfd33f9eadc.jpg,desi
./dataset\desi\e726843beb114e6f73b8cdd990610184.jpg,desi
./dataset\desi\e862215fce7768fd951f1a6345a58ddf.png,desi
./dataset\desi\e913e5c4b52847f8edda22de9456fc8d.jpg,desi
./dataset\desi\e9535e6cfbd561966fc055b87191713f.jpg,desi
./dataset\desi\ebc8d385a2db54631c7e7f77d27c9d5e.jpg,desi
./dataset\desi\ecbebef6ebc0897ed8700fd02880ebfe.jpg,desi
./dataset\desi\ed87260f68a4afeede8aa2b6885adb3d.jpg,desi
./dataset\desi\efbec958c87105396a4380cb0d161593.jpg,desi
./dataset\desi\f0e6d2e676652398452540107183beb6.jpg,desi
./dataset\desi\f2d1ba5889eb258b350d5ea82cd826d2.jpg,desi
./dataset\desi\f45d8bc2d1a29716e6af6adf43342f1f.jpg,desi
./dataset\desi\f5063e3c7366b14135c5b5ddb853cb07.jpg,desi
./dataset\desi\f59c5fd83ded405496c723311dc274cb.jpg,desi
./dataset\desi\f8f424c3b883789995a2e420ada19b76.jpg,desi
./dataset\desi\f9ff5b62a60d7ff2d72a016b20cb3a24.jpg,desi
./dataset\desi\fac5edcf21d7787014d7b98e9eab9cae.jpg,desi
./dataset\desi\fb26c81b821722031a9ccd60f550c82f.jpg,desi
./dataset\desi\fbea031154d75b7936c16ee00bb69b10.jpg,desi
./dataset\desi\fc8b80368fca76e065fd984c469150ea.jpg,desi
./dataset\desi\fe4f7817ec4bccd985ba34b29092067d.jpg,desi
./dataset\desi\fee1b96a3dd58b134b037139cc9afff1.jpg,desi
./dataset\elegant\01ffa382324aeade57cef8cb0c6311de.jpg,elegant
./dataset\elegant\05f434a065f05e0c4f6e80554b0b3d75.jpg,elegant
./dataset\elegant\08f19f86fd3d82767e7e08327a40ac51.jpg,elegant
./dataset\elegant\0aef0f63d047098434db6c91b62a3cbb.jpg,elegant
./dataset\elegant\0d8d4d25501e4634bee24b05d93d1b61.jpg,elegant
./dataset\elegant\121d62eb23b61eb29eb183c2d6913e90.jpg,elegant
./dataset\elegant\13ac007e32c69db2a3d7ccfaaec6792f.jpg,elegant
./dataset\elegant\14efdf57c52f08697c9c322b6cf843cf.jpg,elegant
./dataset\elegant\15a3693f77674741c831dfc152673a22.jpg,elegant
./dataset\elegant\17e16a91f5b9de99e53f913543b00882.png,elegant
./dataset\elegant\196fc62cabac486203f8a2c52faec261.jpg,elegant
./dataset\elegant\1a691ddd4c6faca74f9d7ed47a0b7996.jpg,elegant
./dataset\elegant\1b68ab8f1fcc3908ccacc25fbe97a583.jpg,elegant
./dataset\elegant\1c0f7320c7a7934f690d76f9b768f682.jpg,elegant
./dataset\elegant\1cd0f17b58d8387a0989e43d32bcb16a.jpg,elegant
./dataset\elegant\1cea3be7c819efeae461347da5eb7524.jpg,elegant
./dataset\elegant\2142c60f40b2a3ad713bbe2d80be0441.jpg,elegant
./dataset\elegant\2294098776f716f2f38166527b1779ae.jpg,elegant
./dataset\elegant\2713ed7b90e485c310f775c716f52c42.jpg,elegant
./dataset\elegant\286c34e2765d6acb4bd8753332f34a26.jpg,elegant
./dataset\elegant\2a64af98a6e4e42ce74d1ab208dff57c.jpg,elegant
./dataset\elegant\2b34dc8ca655170198be21da43a30161.jpg,elegant
./dataset\elegant\2df317f221cb9b9f2e7291f440f7e026.jpg,elegant
./dataset\elegant\2f67a632628a82eac8a3b99148d7507c.jpg,elegant
./dataset\elegant\30646e430970655bdce8751982c332b5.jpg,elegant
./dataset\elegant\30c0b2f2e476cfe9ae810d998ba2991d.jpg,elegant
./dataset\elegant\3563f0511ae459426d622e0cf738bae4.jpg,elegant
./dataset\elegant\37008037bb3ebbff32ca94af36ab0687.jpg,elegant
./dataset\elegant\3832feda496e98e2d6e337b517bddd7f.jpg,elegant
./dataset\elegant\3affae3ae664063bee77b721adc589ca.jpg,elegant
./dataset\elegant\3b1ab061245b194b99bd0eb2bff8aba4.jpg,elegant
./dataset\elegant\3e44ac8619d699fe2f34369e666acb67.jpg,elegant
./dataset\elegant\3ee5ed1fc78e6a7c5af5a33ccffca0bd.jpg,elegant
./dataset\elegant\4047021867238e0f016ddee110fed2db.jpg,elegant
./dataset\elegant\43f8a774d87a50d34f2736e088c36dc2.jpg,elegant
./dataset\elegant\4419ae87fce6351be0acfde6be275cb4.jpg,elegant
./dataset\elegant\45a729c9530e969b94806be6b31e4db7.jpg,elegant
./dataset\elegant\47827618c2c32e7101b8016b57b9c341.png,elegant
./dataset\elegant\47caa9e5df283ab2319f61ccac5157a8.jpg,elegant
./dataset\elegant\49456afe6467c1eca2e3d19f124ec961.jpg,elegant
./dataset\elegant\49beb80b6d61b6a4e8b71bc6b1c1ac6f.jpg,elegant
./dataset\elegant\49f57cb8274d7d51b83ee1f3b8a75934.jpg,elegant
./dataset\elegant\4a083e5bd39d19417a6dfc10e5724d6d.jpg,elegant
./dataset\elegant\4e7f36fdea71ef237f91502015c8bcf5.jpg,elegant
./dataset\elegant\50a83d68697f6beeee6b41bb2b8536c6.jpg,elegant
./dataset\elegant\5246a6240b8bb78f48d4ed115989a1f5.jpg,elegant
./dataset\elegant\53c75e1567d29220a9e75da079f00375.jpg,elegant
./dataset\elegant\54210269bda9475083d499bc5e3b5511.jpg,elegant
./dataset\elegant\55f4868a6749ce873984e86d6fbfa729.jpg,elegant
./dataset\elegant\57117245d5538ea9c57156afbe7cd0aa.jpg,elegant
./dataset\elegant\5907503516abad00d010d64b582a55fd.jpg,elegant
./dataset\elegant\591c086487244e70be60bb57d966c78e.jpg,elegant
./dataset\elegant\5cb412b29f6e71574a25964a1a981236.jpg,elegant
./dataset\elegant\5d20c3aec6fa37485582b644fb7baf20.jpg,elegant
./dataset\elegant\5d26a029faf89f0601ee1d3ca3ffe54e.jpg,elegant
./dataset\elegant\66e246b40a8a611e5bb733dec628f48f.jpg,elegant
./dataset\elegant\6a495f3d482be7634fbf8c390511d15a.jpg,elegant
./dataset\elegant\718e6df33b80ebd68e7d03da9473c016.jpg,elegant
./dataset\elegant\73210f46b62cd4b88a63ac39647f298a.jpg,elegant
./dataset\elegant\75b5f822a2f94edc75d7bdf7f1419d69.jpg,elegant
./dataset\elegant\7954aeabf9d6164dcc8c61a86c097324.jpg,elegant
./dataset\elegant\8057238a44e8f4e4844a7bbde1ec1c85.jpg,elegant
./dataset\elegant\81ce748a3f94659f84b1c95b1fa75f38.jpg,elegant
./dataset\elegant\81f7b54fea8e7255e15f784483dd0da9.png,elegant
./dataset\elegant\82e6b49214411b18369ddfcce8c1e652.jpg,elegant
./dataset\elegant\8536a0d41a4e9c5aa4cb91cac09bddc4.jpg,elegant
./dataset\elegant\8581c6639c8e14df28d705119d5311e3.jpg,elegant
./dataset\elegant\860ab4bd250f67880e6c865adba350a8.jpg,elegant
./dataset\elegant\87e1a84c7b89547dd03574d2b514a942.jpg,elegant
./dataset\elegant\89237747129e8a70822b0c193cb58f6c.jpg,elegant
./dataset\elegant\8af1d1895891097b6e683432df3ebb96.jpg,elegant
./dataset\elegant\8d1f8523c3debd6763f6c5bfeea95510.jpg,elegant
./dataset\elegant\8d35ccaaa94c7cc2aa29cadfff359f3b.jpg,elegant
./dataset\elegant\8e5930f21afe7a404b150f845311c382.jpg,elegant
./dataset\elegant\8fc198f2a85d40ae8174c3e54b167b86.png,elegant
./dataset\elegant\9113048e84e5f34ed544d86ae05ec52d.jpg,elegant
./dataset\elegant\92b2c2ed16aae7c43bb754c3388b09d2.jpg,elegant
./dataset\elegant\93ec495e4e374497e47e5016aabd9a96.png,elegant
./dataset\elegant\955e73ac523f94063af2845b18b6eb23.png,elegant
./dataset\elegant\9696612c0720ca3ba93a05ea796dde0e.jpg,elegant
./dataset\elegant\9791a2114045c071e748917b46c13d29.jpg,elegant
./dataset\elegant\981dc451e1aa7896c435b429d79bb689.png,elegant
./dataset\elegant\9aca26fb4459d9c7f9fe82da2b037b79.jpg,elegant
./dataset\elegant\9b27984b7f4e1631a5f9f48456682582.jpg,elegant
./dataset\elegant\9be863332ab33d78d18f34d0f0aadfea.jpg,elegant
./dataset\elegant\9c393b704d995e308620143389375ed5.jpg,elegant
./dataset\elegant\9d4a7daf38472ab7424439aed9571dba.jpg,elegant
./dataset\elegant\9e58ddbbdc1ce964adddbdee81eb13a1.jpg,elegant
./dataset\elegant\a000545f9417a66d79f7781c05aab213.jpg,elegant
./dataset\elegant\a2121b8b1b8144b3c6be45b30d38cdf4.jpg,elegant
./dataset\elegant\a502480c93f9353e32a4200d22d38b27.jpg,elegant
./dataset\elegant\a634ffc68faff46a5a3fcbabd42fd604.jpg,elegant
./dataset\elegant\a6df6bbc8bcdaa2ca6d6799d752a9fa1.jpg,elegant
./dataset\elegant\a84ca7a646dffe11f0945e07461d7818.jpg,elegant
./dataset\elegant\ad798a73a3f9e0b980aa347265699b31.jpg,elegant
./dataset\elegant\addfe1c9c69af6c54beb4285c5f42072.jpg,elegant
./dataset\elegant\b31d25784371879c4deac817c7be522b.jpg,elegant
./dataset\elegant\b3599d179c5e3a4478ca091f7ed34fac.jpg,elegant
./dataset\elegant\b477ec3c8295390a1d9bf27f5d357e41.png,elegant
./dataset\elegant\b4912a3c25273f087bf8b5a3e57f95c3.jpg,elegant
./dataset\elegant\b514d9f8acd616676a73fa3bb0093ea6.jpg,elegant
./dataset\elegant\b7457d4f94bb2389cc9d8183b7e9555b.jpg,elegant
./dataset\elegant\b7b68ec9c9d945daa8e8da508b4df0e7.jpg,elegant
./dataset\elegant\bbc6c4dff5958df7efcc774ebb10815b.jpg,elegant
./dataset\elegant\bde8afc93a9782e4c735bc340da88e82.jpg,elegant
./dataset\elegant\bdeb9a1d2592d588e3bb36c531717f24.jpg,elegant
./dataset\elegant\be298327eedc614cd603ef1b0779415f.jpg,elegant
./dataset\elegant\be7dd8649fa15acd950a63247be76084.jpg,elegant
./dataset\elegant\bfcba4994200c8ced096be6387e64e01.jpg,elegant
./dataset\elegant\c0ccc45a5a5423b47ca6404b17aed90a.jpg,elegant
./dataset\elegant\c2237c50471baf175774a6ebd56854fc.jpg,elegant
./dataset\elegant\c2f2ba6c021eb335878263c5ddae4e8a.jpg,elegant
./dataset\elegant\c3a5dcf313073038b79e01381def94dc.jpg,elegant
./dataset\elegant\c48bfb76cf31c676cfa753858e417a3d.jpg,elegant
./dataset\elegant\c4f7f8ea2c18bfb05ac642f684de4814.jpg,elegant
./dataset\elegant\c5066f0d63568f4bd795aed3ed6f70e3.jpg,elegant
./dataset\elegant\c6a22c2ab5d8521d7c97ea725c1f5b23.png,elegant
./dataset\elegant\c75082fa60362a6a0cda5597c489aa73.jpg,elegant
./dataset\elegant\c818b76af68035d485c872aed5589ede.jpg,elegant
./dataset\elegant\c97963e4b5b2c33c6dfd45c7ce093847.jpg,elegant
./dataset\elegant\cca914e69d3f7b455f7b50bcadb70bf9.jpg,elegant
./dataset\elegant\cd7d7ec849cd9e0884d2ac4ac21c46b8.jpg,elegant
./dataset\elegant\ce40b033f421053d8bbc9fe2b37a794c.png,elegant
./dataset\elegant\d03cc94ddb9842a7298750c08b2ad46b.jpg,elegant
./dataset\elegant\d16905b489a108a5b5f2699af65e3196.jpg,elegant
./dataset\elegant\d6d03949924b749b0171a1e2a4bcd4d3.jpg,elegant
./dataset\elegant\d7d63f0a871be57af291f3d712d8392d.jpg,elegant
./dataset\elegant\da22790769c7147c74126f78be916c45.jpg,elegant
./dataset\elegant\dab49ab86e4fdfbacc9f8461759ca4de.jpg,elegant
./dataset\elegant\dcf9244fd688ef84d6aec809df52cc0b.jpg,elegant
./dataset\elegant\dcfa37edf5e33a4a08d049aae9dfc48f.jpg,elegant
./dataset\elegant\def1e10f80737a5b785e370c5a1f5577.jpg,elegant
./dataset\elegant\dfb8f5198c2f18f3880002e100c5d2d5.png,elegant
./dataset\elegant\dfd74b7f69badd8ddd0ee4e968d0b564.jpg,elegant
./dataset\elegant\e0cb3fca98e7d932e770ab8785c2580e.jpg,elegant
./dataset\elegant\e1e4a458b426488e7a9213c0ddc4d395.jpg,elegant
./dataset\elegant\e2607ecce16bb211b8cd28441d130ed7.jpg,elegant
./dataset\elegant\e351bd36dd810d1bbf243d4d68b801db.jpg,elegant
./dataset\elegant\e4ef523e8d5f7608cbd4809ffd7a7e31.jpg,elegant
./dataset\elegant\e57c79767e3ed8773f4c08be727213fd.jpg,elegant
./dataset\elegant\e827561c3fa104e725b8cd8fcce9554b.jpg,elegant
./dataset\elegant\e902e42a66cb90ca8c46511b37878583.png,elegant
./dataset\elegant\e9eb3f07562abde3ede8daee1f0bfad4.jpg,elegant
./dataset\elegant\eb0810955f1dd7cbae90b327fc146418.jpg,elegant
./dataset\elegant\ee5dfa1fa7f48ae5132650f34ca0ab52.jpg,elegant
./dataset\elegant\ee9ab144f69b22e3408326669215f7cc.jpg,elegant
./dataset\elegant\eef20cc05a30f594913ee4f612811290.jpg,elegant
./dataset\elegant\f086e822848725edbd88b8c3a5096052.jpg,elegant
./dataset\elegant\f0c2d965800f84392edcad80dbed0a8d.jpg,elegant
./dataset\elegant\f192d2b744a5cc476e81d5beac89ab7c.jpg,elegant
./dataset\elegant\f1bb315244f2309f7c0d50edb4a54e4b.jpg,elegant
./dataset\elegant\f3fd8123f25c01203735348521dc54da.jpg,elegant
./dataset\elegant\f4964439287070a73ceeb93dcacbb2b3.jpg,elegant
./dataset\elegant\f55b9c19eeb5179f9f77e70ea3fa5297.jpg,elegant
./dataset\elegant\f66939094ab9b47714e25a5bccd22b9d.jpg,elegant
./dataset\elegant\f740b96cad0599b0147dc4c582cbd494.png,elegant
./dataset\elegant\f7faa73f82fed58a15d8e1894fc236da.jpg,elegant
./dataset\elegant\f90fa44d119e91cb5071e8331b83bf47.jpg,elegant
./dataset\elegant\fb2d0ac32890ec0adbdcab09380fbfd8.png,elegant
./dataset\elegant\fba85954f3959e770353646955bdd0c9.jpg,elegant
./dataset\elegant\ffd1f548ef58cd7c4289eeaadd3bc119.jpg,elegant
./dataset\grunge\00496c5fe06f2b732f6f52e564da61dd.jpg,grunge
./dataset\grunge\01546301e4439ba35214e5e8b13d8be6.jpg,grunge
./dataset\grunge\02255bf9a2e89df93bccb817f712722e.jpg,grunge
./dataset\grunge\02641081178ff3b48f5974e36aeb00ae.jpg,grunge
./dataset\grunge\02802775f056f44c3107726f49b527b7.jpg,grunge
./dataset\grunge\0393361cad4cd7012fb334b5814c2493.jpg,grunge
./dataset\grunge\040f5c28889683160d425d21bc88341c.jpg,grunge
./dataset\grunge\0681728eadfca8c91d488ede00f8e647.jpg,grunge
./dataset\grunge\099e3cfd41d6e390006cb1bf4637aef9.jpg,grunge
./dataset\grunge\0ce0f9d8998976cc8ab87c03ef6701ea.jpg,grunge
./dataset\grunge\105025637fd4e5738c74ac8f382f67bf.jpg,grunge
./dataset\grunge\10fdbbb3a6cf27d800e746da2902d29e.jpg,grunge
./dataset\grunge\13b8c777344eb1d13d8051a4d6332fce.jpg,grunge
./dataset\grunge\13f86401fb2706616ea19b9d5abe3500.jpg,grunge
./dataset\grunge\1402c08cc67c1069b6292b64b6ca25d8.jpg,grunge
./dataset\grunge\15f2af59408e2d7d5df6b5c5217692d2.jpg,grunge
./dataset\grunge\167e5bf4bb01a2ecea7c92aef069d9f0.jpg,grunge
./dataset\grunge\1879b2af645e2340a30a7cb4cb8ad5a5.jpg,grunge
./dataset\grunge\1982cc38cf1a9bf86e02014e1d42875c.jpg,grunge
./dataset\grunge\1af82103d7f18dacef24cdc99dfcc158.jpg,grunge
./dataset\grunge\1b15ffd297586d0b99226608237fe6ff.jpg,grunge
./dataset\grunge\1e233ba41f7a1b28398046e8af1018c6.jpg,grunge
./dataset\grunge\1e5228201c355ad8449be692fb582611.jpg,grunge
./dataset\grunge\201f56c4aa18271cab8b8df0af4ef000.jpg,grunge
./dataset\grunge\2135bf5952b8d7e070edefbc198a66a7.jpg,grunge
./dataset\grunge\226135c5bfb0df99fa8bc09a8f8aca03.jpg,grunge
./dataset\grunge\22d43e43ec2f4911f33bacd93b51ffb1.jpg,grunge
./dataset\grunge\22e7361787b1dc34be57937ce480000b.jpg,grunge
./dataset\grunge\22f8ed22a67f31bcd816e28809b850db.jpg,grunge
./dataset\grunge\235841eea0b919a53d5b8873c4e6b140.jpg,grunge
./dataset\grunge\24f08ebf771b44d6293a468e5d674653.jpg,grunge
./dataset\grunge\25b318d2739827f73b8cd6e84c11c1ad.jpg,grunge
./dataset\grunge\266ee577b90b45ab071a76c9f1380025.jpg,grunge
./dataset\grunge\2825446f09217325f5b6a7d2371bd0ce.jpg,grunge
./dataset\grunge\28745345a76b03529db4b03af572b590.jpg,grunge
./dataset\grunge\2b99f98b46ed934e0b3a7f26b7c1f5f5.jpg,grunge
./dataset\grunge\2e36aa7be9d4d10c1f40e1a66ee251ac.jpg,grunge
./dataset\grunge\2e3ac3539facb2df3e0007cf550af5b9.jpg,grunge
./dataset\grunge\2f51e6434bfadcfa20ad0055ef1cef38.jpg,grunge
./dataset\grunge\31476e1b392b6ed3bd6cce5a503547b3.jpg,grunge
./dataset\grunge\314f36c616e302d6c6642749212210ac.jpg,grunge
./dataset\grunge\318d09bfb622d4da9905ca95af3fc915.jpg,grunge
./dataset\grunge\33ef07b182c402bde0cb4604eb06f9ec.jpg,grunge
./dataset\grunge\36c2e3a1ff89b837361af28873f68ea4.jpg,grunge
./dataset\grunge\380f4f24779908784edcbd72ddf5cdc0.jpg,grunge
./dataset\grunge\3a18640a3dc725daa51e6dff90ff0823.jpg,grunge
./dataset\grunge\3a68875b4dd6c6123da3390d6be8bca8.jpg,grunge
./dataset\grunge\3aba4b863cba0c315482ed38a95a554a.jpg,grunge
./dataset\grunge\3bb1f16cbacdb059d5752b36f9e4ad99.jpg,grunge
./dataset\grunge\3bb7aabfb39dc8904cdbd3dba5801163.jpg,grunge
./dataset\grunge\3c5a1db25654d45121b70ef5558bea9a.jpg,grunge
./dataset\grunge\3ce7c0bd8f7a2e67e315fee8e8c5a1b0.jpg,grunge
./dataset\grunge\3d38c1e4342822ea541b61272e181a93.jpg,grunge
./dataset\grunge\4275071e2d14904fab651d2600f182db.jpg,grunge
./dataset\grunge\42edcb6f6dfc980a8bbd4d739de915f5.jpg,grunge
./dataset\grunge\4338d01b34682462a13193c6b6c4e923.jpg,grunge
./dataset\grunge\436dc38f9ca0e5b4c5ad7490dfb23410.jpg,grunge
./dataset\grunge\44195859ebe700d8e5af6486b30cd3b5.jpg,grunge
./dataset\grunge\4558385bab67d1c44106458c26961308.jpg,grunge
./dataset\grunge\460bb4a5397927662afe463ac94b97a4.jpg,grunge
./dataset\grunge\469d7298f1d7fd95684da490d4e9fa7c.jpg,grunge
./dataset\grunge\46bf4ff6bd97399a11cd4187d2f45b3a.jpg,grunge
./dataset\grunge\478777690dd0b1aa308a284ef7c37825.jpg,grunge
./dataset\grunge\493d367238701ba4d0c2f9ea9979096a.jpg,grunge
./dataset\grunge\49f3417747b7c694f77d43667974c0b1.jpg,grunge
./dataset\grunge\4ac11d6f651ab0eefb97860cc6db21f8.jpg,grunge
./dataset\grunge\4b282f7adaae1d2d095ff98b36af83d5.jpg,grunge
./dataset\grunge\4f04719866973a2d0ada780ef21b746c.jpg,grunge
./dataset\grunge\4f40fa7db48a458fc013f02303ea6b73.jpg,grunge
./dataset\grunge\4f45033882c93d2bcb95e0f0966bedc9.jpg,grunge
./dataset\grunge\50d6099c889720453885a4242958f87a.jpg,grunge
./dataset\grunge\51efc97047be90599f441df38a3d63dc.jpg,grunge
./dataset\grunge\54417618e0a11efb9ec052c373761b3c.jpg,grunge
./dataset\grunge\546e8372d540acd26ad1faabc607bc08.png,grunge
./dataset\grunge\565efe13d724a07d2835e9b03d17e85c.jpg,grunge
./dataset\grunge\583f1f173aa20cae60eba1dfa96ec708.jpg,grunge
./dataset\grunge\598f49a861f51b6758c6ff478b752642.jpg,grunge
./dataset\grunge\5992768e18f07ea09f0fa650a7abc6f8.jpg,grunge
./dataset\grunge\5a3fd17fcce5016a856615097292f777.jpg,grunge
./dataset\grunge\5b2112b5150155b8277e7215d1e27605.jpg,grunge
./dataset\grunge\5b9b737ed4d266a53140bc4981d88a29.jpg,grunge
./dataset\grunge\5bd5489ddd1745cd3bef88a2cb9a58a3.jpg,grunge
./dataset\grunge\5d1d3dacf08c2292f96051ec8672c0d7.jpg,grunge
./dataset\grunge\60d95525c8e061bbd2ec28b87b4eaafe.jpg,grunge
./dataset\grunge\61e737ad737dd87b4c489d7c4f6eb7f8.jpg,grunge
./dataset\grunge\62f12ec2c07f6cfc421da55871a696db.jpg,grunge
./dataset\grunge\63b373eb685cc2af613ad9b1309d3ad7.jpg,grunge
./dataset\grunge\6414346d7e11488cc76bb7f770358d48.jpg,grunge
./dataset\grunge\6457a8bff71eeb0e466037ee65b209c9.jpg,grunge
./dataset\grunge\66761be8c1f63575571c56173e30fd35.jpg,grunge
./dataset\grunge\66a36bb05fc2978f6124dea86193f5c1.jpg,grunge
./dataset\grunge\67b2ba56d5adbf31153dd73a5ec6ed25.jpg,grunge
./dataset\grunge\67c37ba5922d5ccb5df9acadd756db91.jpg,grunge
./dataset\grunge\6820eaf78324ea0d17b2331d9e06c03d.jpg,grunge
./dataset\grunge\691f959eb3e5af99521eb5a4852c31c2.jpg,grunge
./dataset\grunge\6990edb8c73196aee9403428a0f735b5.jpg,grunge
./dataset\grunge\6a9823b888dc424aa616a0decd9c2f52.jpg,grunge
./dataset\grunge\6aa2fc189899f18d279f4e88b47fb825.png,grunge
./dataset\grunge\6b33d2211b150fa2894ae168d62a5f05.jpg,grunge
./dataset\grunge\6b901af1cd1fe8b1e5dea5fb43afd2e6.jpg,grunge
./dataset\grunge\6e7dfa9350ea8ba476dcb656633a2c94.jpg,grunge
./dataset\grunge\701bbe568f17e0baa13c40c346ac1b47.jpg,grunge
./dataset\grunge\715867ee7cfed3d12dd19040900988e4.jpg,grunge
./dataset\grunge\719e10295885e1021f5e2250fa437a7d.jpg,grunge
./dataset\grunge\71d0ae7831f7c1850e8c0024cc038d8c.jpg,grunge
./dataset\grunge\734c6c9079a19c439d501f2f7245f92c.png,grunge
./dataset\grunge\7501fa06ae38bf0fa9a14fc9ac223b3b.jpg,grunge
./dataset\grunge\75883a4e8415d1944823573d6fe91f4e.jpg,grunge
./dataset\grunge\75b3ba305df61723e244caa571448077.jpg,grunge
./dataset\grunge\765e93c13ee404b9533ac83f727c990b.jpg,grunge
./dataset\grunge\769f866e15849f2e2b0ed3e2592662a6.jpg,grunge
./dataset\grunge\77130e3b7e1d274322b825fb89ecd865.jpg,grunge
./dataset\grunge\7899e627cbdba811414c04bdd1ce7904.jpg,grunge
./dataset\grunge\79f4c057a21079fdca228b7b63e3e175.jpg,grunge
./dataset\grunge\7a1979ef492bbf81c9b095dab872f32c.jpg,grunge
./dataset\grunge\7af99d2beca9c0398c5af994ad46a637.jpg,grunge
./dataset\grunge\7cc6258d087495b8017f85f9edbec919.jpg,grunge
./dataset\grunge\7d3ae6702ec88acbd7ce21dc76b319b0.jpg,grunge
./dataset\grunge\7e170233295b8352c0d08d9dbab3cfee.jpg,grunge
./dataset\grunge\7fe721865f1f871017694e7149d9d8c6.jpg,grunge
./dataset\grunge\805a2635643aa12024c7191464b7e392.jpg,grunge
./dataset\grunge\806c7867863962bdaabbf282bd945f12.jpg,grunge
./dataset\grunge\809f33df193b3a22c40775b3f5497809.jpg,grunge
./dataset\grunge\8110252afa154049ec3b6db802c4d30c.jpg,grunge
./dataset\grunge\84c83605b42b0f46d8f7f404d1a90d88.jpg,grunge
./dataset\grunge\84cfb5b0612501f332016f9f13ad96ad.jpg,grunge
./dataset\grunge\85143a2ac9552078efb8043f048433fc.jpg,grunge
./dataset\grunge\85461532410cad98222685643e5ba3fd.jpg,grunge
./dataset\grunge\86d107cae9e5e7368ce41b6292b52557.png,grunge
./dataset\grunge\875e2faf3b4bc540f8ca37fcd1e4f9aa.jpg,grunge
./dataset\grunge\87fcb89299ad910cafbb2b3d8edc201c.png,grunge
./dataset\grunge\88020fc1bd37928afa32b736d0c1310d.jpg,grunge
./dataset\grunge\883feca7e7b7f7273591e34f94d75728.jpg,grunge
./dataset\grunge\8b24c2f39fda7111db12b3bc19046589.png,grunge
./dataset\grunge\8ee975860b3440ffec61c1b239145864.png,grunge
./dataset\grunge\8f4bbe0e21000c60e8527fc4800fa7da.jpg,grunge
./dataset\grunge\90664848c3827b2ab8898c1ea3a9cad7.jpg,grunge
./dataset\grunge\90c1d6f66fc44f4ecac3aeab5d0d000f.jpg,grunge
./dataset\grunge\9271e1417e770c3f40744f4e7cff008f.jpg,grunge
./dataset\grunge\9318975c5a677bb6fa34d2492ce74247.jpg,grunge
./dataset\grunge\93bfda899fd2af233bf4af05139f5335.png,grunge
./dataset\grunge\94091c16933282a0e704c11160d12c7a.jpg,grunge
./dataset\grunge\951ec32039420d010f5939021de85d7d.jpg,grunge
./dataset\grunge\9894acf07307507e7f33ed14af10d914.jpg,grunge
./dataset\grunge\997020a883790bbcf7dd24192b3006ed.jpg,grunge
./dataset\grunge\99d2387210da506ac2b8b68d46a0170c.jpg,grunge
./dataset\grunge\9b8d68063f5ee4bae5585320af03cd61.jpg,grunge
./dataset\grunge\9c2cb484c8e33187d9f8f78db79dc93b.jpg,grunge
./dataset\grunge\9c99761b0f373e27f834650e3452eddc.jpg,grunge
./dataset\grunge\9cd613e8f2373730a27fbdf14b26297d.jpg,grunge
./dataset\grunge\a1d667961dd0b8427b6d95fc3bd8c40e.jpg,grunge
./dataset\grunge\a346205d833beb9702a9fafac3724e29.jpg,grunge
./dataset\grunge\a4d2f67da56d5eaf6fe8cf5580cbbe34.jpg,grunge
./dataset\grunge\a571233368a75a267272c34aa0b8439e.jpg,grunge
./dataset\grunge\a5f2d9104f08577db2cd783f41c010fa.jpg,grunge
./dataset\grunge\a6205057c1cf44cbb1f95412a8424c8e.png,grunge
./dataset\grunge\a6cb98ac8f0a98e64ab12934d37d791f.jpg,grunge
./dataset\grunge\a8fadb3d82249114e4246b55b3a3a815.jpg,grunge
./dataset\grunge\a901bf291e92c5871c386feb8d0d615f.jpg,grunge
./dataset\grunge\a93956e7f0c56eac146ecf030f4ef8bf.jpg,grunge
./dataset\grunge\ac6f3c2777b81ee8ebee81874527bd61.jpg,grunge
./dataset\grunge\aca81b56b8d32780207f782e31d87cfa.jpg,grunge
./dataset\grunge\ad10b050504cbcaa7f243f46e55e1cac.jpg,grunge
./dataset\grunge\ad268ae0a37bb2cbe951fe696e6fa401.jpg,grunge
./dataset\grunge\ae33f01349b0a1c02ab4eb30a6ffa389.jpg,grunge
./dataset\grunge\af98f80b057f0cf382e637e70d831cf3.jpg,grunge
./dataset\grunge\afaaa3b69a85aa9f0f22705952fc3e2c.jpg,grunge
./dataset\grunge\b03bf102480c3588aeaad0dd8f3425c2.png,grunge
./dataset\grunge\b0ad19c5ee99cbab13545b26ffcda80e.jpg,grunge
./dataset\grunge\b0b972d676dcb31550db00ae14d0a350.jpg,grunge
./dataset\grunge\b179aae9b16f3b6913298046f9d5189c.jpg,grunge
./dataset\grunge\b1f90bb9ac45a09b51ab2bc91d07b10a.jpg,grunge
./dataset\grunge\b3301219b8e740c3a45480e1947376a2.jpg,grunge
./dataset\grunge\b469234af2f3172a7b46bb8b39773746.jpg,grunge
./dataset\grunge\b4fd30f35889dfd8af26e93e4e4d8cb2.jpg,grunge
./dataset\grunge\b773450a920413be4487dedfe93c715e.jpg,grunge
./dataset\grunge\bbb947447c55a4f8ba5529f976d478f5.jpg,grunge
./dataset\grunge\bcaf39158ce385a5dab1c00757610356.jpg,grunge
./dataset\grunge\bcaf76ab15b96a13a82ec6708dd91055.jpg,grunge
./dataset\grunge\bd1f252636f79719f2fc0be5b3f17b5a.jpg,grunge
./dataset\grunge\bd337d44238256de81b128bbc6e35b98.jpg,grunge
./dataset\grunge\c03641e06f7b1b9e9a56000cb84bba9d.jpg,grunge
./dataset\grunge\c157794bd597395c9f4ede53084fe84c.jpg,grunge
./dataset\grunge\c4c68ef7a59f7f227025c5baa2529b9e.jpg,grunge
./dataset\grunge\c566b76dd9c53877996ef25e2ae6dee8.jpg,grunge
./dataset\grunge\c5afe49a46ff500b20e30e8e6a79668c.jpg,grunge
./dataset\grunge\c66f2589e2a6b18a26b150d55ff6c98f.jpg,grunge
./dataset\grunge\c98ea658ee6528923555f642513a1f14.jpg,grunge
./dataset\grunge\cd73d74d08727b7866c572be8ad47cfb.jpg,grunge
./dataset\grunge\ce9b5b3036ea0febe08905e37d0c0288.jpg,grunge
./dataset\grunge\cf89ea1f925244991829aff305f94e76.jpg,grunge
./dataset\grunge\d0b8b9ff38c44e6ff87efd438eb9dd9b.jpg,grunge
./dataset\grunge\d2fc5879ac65eaaf9a0d4bd0a4bc3454.jpg,grunge
./dataset\grunge\d5e88c716c13d17a2aa68fadf39a9d2c.jpg,grunge
./dataset\grunge\d758ba573e654e3861927aecb12379fe.jpg,grunge
./dataset\grunge\d8adb54e259433f6f597f0ca7a761019.jpg,grunge
./dataset\grunge\daa2663920e92576efd6c2feca4068d3.jpg,grunge
./dataset\grunge\dc1f56c76ed5698f93631528c21b7e5c.jpg,grunge
./dataset\grunge\dd943024dc39e37c8f04b8ff7a13ddeb.jpg,grunge
./dataset\grunge\dda665c4452407f17f49f089b72c62d2.jpg,grunge
./dataset\grunge\e19d13aa5d3633b5ca2b4affcb19e205.jpg,grunge
./dataset\grunge\e2750295d01ae20bcdeb6aac2b7af8fc.jpg,grunge
./dataset\grunge\e2b3c9e1b9307fd0d1b97db915a3f136.jpg,grunge
./dataset\grunge\e34a2aa0a2ed83df4624d48a520f45a1.jpg,grunge
./dataset\grunge\e484f13b637e7fcc7447728b6a4e8110.png,grunge
./dataset\grunge\e888c515f45f2219f79ffe941754923b.jpg,grunge
./dataset\grunge\e9558fbdb75f0ceef1282e17cd836fef.jpg,grunge
./dataset\grunge\ea4b847588a8c33b224d384ceb19c9b0.jpg,grunge
./dataset\grunge\eafd8d3225069a30f755803761c12f75.jpg,grunge
./dataset\grunge\ebfa2055ecdf303bc31a0d896b5e5726.jpg,grunge
./dataset\grunge\ec0c8da18acfe5c40bd968fa221e15cf.jpg,grunge
./dataset\grunge\eca249e46e3ef019e1aa56fde65086bc.jpg,grunge
./dataset\grunge\edbbf62e3d74837df990b61c37d1a881.jpg,grunge
./dataset\grunge\ede03deff7ea5916649afc546837d0b8.jpg,grunge
./dataset\grunge\ef89739d21137f6fa8e25551a603402d.jpg,grunge
./dataset\grunge\f0a04dc03c54755e3a71330a0bfd161e.jpg,grunge
./dataset\grunge\f0e7b67b057646bd63fa92a828ae11b9.jpg,grunge
./dataset\grunge\f29d3809f61730cc39f3e201463a62b8.jpg,grunge
./dataset\grunge\f419b1fde9cc88eae106a2b6d2e28dea.jpg,grunge
./dataset\grunge\f4c6015d30a7f41e2d3bef22adc644cb.jpg,grunge
./dataset\grunge\f4ffaf553c6a78f290f7273425890850.png,grunge
./dataset\grunge\f5400f50459913a716b95536db3ee976.jpg,grunge
./dataset\grunge\f5a01e1b43f26133474a05c7d755fbd2.jpg,grunge
./dataset\grunge\f638d19c40ef9c8147642a7b4e8db920.png,grunge
./dataset\grunge\fa4fd3769e58c6f9264c698802131ec3.jpg,grunge
./dataset\grunge\faa843258c9a8960dd3212d53eb79aef.jpg,grunge
./dataset\grunge\fc73ae8079f9ff2cf20d5a8b807b1a21.jpg,grunge
./dataset\grunge\fcc450fe75d75782ff12792c74d3149e.jpg,grunge
./dataset\minimalist\0069bbf21768cfe2596203a394f92c68.jpg,minimalist
./dataset\minimalist\013c7374cedc84a2acbfe5449a508f7e.jpg,minimalist
./dataset\minimalist\01aae0af54c280b56283771bfdbcca16.jpg,minimalist
./dataset\minimalist\01cb297f4b9be890ac6cff8682293922.jpg,minimalist
./dataset\minimalist\031bacf93e4c55f511eb48fbb7447c2a.jpg,minimalist
./dataset\minimalist\058ac32363932edc3a7ef49fde2f3c1e.jpg,minimalist
./dataset\minimalist\08d4b874fb2d06173316702a4a04bde4.jpg,minimalist
./dataset\minimalist\09504f4a17ff9c40256db1aef5ddbcd5.jpg,minimalist
./dataset\minimalist\0a227343737ca4dd96e05352a31b67a6.jpg,minimalist
./dataset\minimalist\0ad7ae17c3e2dbf21a37e7ff4468af3f.jpg,minimalist
./dataset\minimalist\0aee1ccd79b56f6a3ab04fb7f73a289b.png,minimalist
./dataset\minimalist\0b0dd419d768f8921bfaca85bdf29403.jpg,minimalist
./dataset\minimalist\0bdca44e3c4dcb8dafbc5464e799f4f2.jpg,minimalist
./dataset\minimalist\0cca946e6eef452356a603c3c232309f.jpg,minimalist
./dataset\minimalist\119540f2a0111082ba74e9350e1a1b53.jpg,minimalist
./dataset\minimalist\14d90a416f380b1049056912f2d257cc.jpg,minimalist
./dataset\minimalist\15ff4ecba6af3bcb8149995552d41189.jpg,minimalist
./dataset\minimalist\16486315f6ad21d0b0b9bdda8555622f.jpg,minimalist
./dataset\minimalist\19dec48713f5484436a0b4df24a3e220.jpg,minimalist
./dataset\minimalist\1a0dcacfa95e48c1101418ebe52a3546.jpg,minimalist
./dataset\minimalist\1a4ed2acbb70894a18722f92ac56cddd.png,minimalist
./dataset\minimalist\1bad208cea04bc9929a18f6767622697.jpg,minimalist
./dataset\minimalist\1f02a0e5bab7000b440cd1786fdc54fd.jpg,minimalist
./dataset\minimalist\1fc0c9fb8a170c343f1e47c80db54c65.jpg,minimalist
./dataset\minimalist\1fe9df47d6283342592f5f16ce9efda0.jpg,minimalist
./dataset\minimalist\202d4adf48d912bc4394c499a7f8e81d.jpg,minimalist
./dataset\minimalist\2065e9f94a9762b270a087a1ea94e4de.jpg,minimalist
./dataset\minimalist\20b65d8b1cc072b90c4723f3dca8ae0e.jpg,minimalist
./dataset\minimalist\21a673207323e6965e48a8e07732a257.jpg,minimalist
./dataset\minimalist\248a3327d217e35707727daba6905ae6.jpg,minimalist
./dataset\minimalist\256d349fb93dfc5773300efa0a0b50fc.jpg,minimalist
./dataset\minimalist\261e98e09083441b2abb6b2fe7a5c773.jpg,minimalist
./dataset\minimalist\26f9f99e43d017b6e4ac289c31e0d97a.jpg,minimalist
./dataset\minimalist\270a9d7f57bd0f15bdcabf559e2b850c.jpg,minimalist
./dataset\minimalist\270d3742abca9b9b126feca63ca91c36.jpg,minimalist
./dataset\minimalist\290c5abd4811dcf3eb041a12d0f594c2.jpg,minimalist
./dataset\minimalist\294a8bd39af71070a0af297d66300f30.jpg,minimalist
./dataset\minimalist\297c310778d858c2d0fbc1e02a4faaf4.jpg,minimalist
./dataset\minimalist\2a05db03fff339e6880d3bb926129e4b.jpg,minimalist
./dataset\minimalist\2a7e157f625effea355b7c61a6639a96.png,minimalist
./dataset\minimalist\2b8a52db3f96dd19a54cb6c29860121b.jpg,minimalist
./dataset\minimalist\2bac67e43de28bae5c7d1275ab40c78d.jpg,minimalist
./dataset\minimalist\30e51eeb10d604ff28340d9aed048ca2.png,minimalist
./dataset\minimalist\3126bd3443aeb6b10b6c7d79b8ad4834.jpg,minimalist
./dataset\minimalist\326378c83601f203bc377ad0662d4f60.jpg,minimalist
./dataset\minimalist\3265360f4309459172b7352cfed8beda.jpg,minimalist
./dataset\minimalist\33fd82a48a502739b916a07ec7b93a31.jpg,minimalist
./dataset\minimalist\34f2f1c9cb0d084c9eee00af5d93c512.jpg,minimalist
./dataset\minimalist\3508a4ec1f1995ad3a90a8f0cf0326f1.jpg,minimalist
./dataset\minimalist\3589b3dc66234c917fc1061d34578d63.jpg,minimalist
./dataset\minimalist\372b76ddcd498cc3b68d209f82dfa266.jpg,minimalist
./dataset\minimalist\389776abbc6713187be29ad6a23a847d.jpg,minimalist
./dataset\minimalist\390f122970a2d8d81320c9ee6cfb692a.jpg,minimalist
./dataset\minimalist\39287a605fa937decd266c105300687e.png,minimalist
./dataset\minimalist\3d226148da3ea4b906f35ed9b06c7d23.jpg,minimalist
./dataset\minimalist\3e4a34c1079f75172da3ec8178a52b8a.jpg,minimalist
./dataset\minimalist\41b210f98e1bb904949be91abb139b95.jpg,minimalist
./dataset\minimalist\41fdbe9c88ee8ccdb503656a1a69cac9.jpg,minimalist
./dataset\minimalist\45d95baa457254ac5673da962532bc10.jpg,minimalist
./dataset\minimalist\46380ca89c21b801f5512ed72a9dd096.jpg,minimalist
./dataset\minimalist\480aecfb7650ec24a6ff1b2f1f616768.jpg,minimalist
./dataset\minimalist\484ed28d35b89ef09b4705174c3c27d8.jpg,minimalist
./dataset\minimalist\48f145b99778a23fcf78a7b3f94fc324.jpg,minimalist
./dataset\minimalist\4978a46ba9868e3e789da981f9537e54.jpg,minimalist
./dataset\minimalist\49b1717617d8adf91c2452080ae42a98.jpg,minimalist
./dataset\minimalist\49e3c9f275d265f143ffee9d13cf0549.jpg,minimalist
./dataset\minimalist\4a2f43027c820d6e9da0e32adbb1b2a7.jpg,minimalist
./dataset\minimalist\4bf7b6f1c8043fc07ec3ba0a303ced58.jpg,minimalist
./dataset\minimalist\4e12deae63b9ac450e94e23bdc3419aa.jpg,minimalist
./dataset\minimalist\4f2ce1df3a6df6836b10e493f333fd16.jpg,minimalist
./dataset\minimalist\50bc3cb21eca2a8afa92661e8dc840ee.jpg,minimalist
./dataset\minimalist\511d83e002778b811fba00d543b1ea22.jpg,minimalist
./dataset\minimalist\51bf2c2bb5991fab55d3021f9d72695e.png,minimalist
./dataset\minimalist\5241d53f6268369a62eb5cbe3a57831e.jpg,minimalist
./dataset\minimalist\52edec6aec5a9da3ee40ab10ed06d66e.jpg,minimalist
./dataset\minimalist\5307870b3d1b7c627b23b9cb1109b324.jpg,minimalist
./dataset\minimalist\5325e735259b63730849a033f0588187.jpg,minimalist
./dataset\minimalist\55c37e2eedb2288017019cdf6efbe7eb.jpg,minimalist
./dataset\minimalist\575d67e25b2635dc80116b1e50c9b81b.jpg,minimalist
./dataset\minimalist\5c74a0f5f71fd3821781ebc3b9a56490.jpg,minimalist
./dataset\minimalist\5e1255db91b5e93ec152adc8cf7b4996.jpg,minimalist
./dataset\minimalist\5ebdd7e2fa88d5e8cf7b8dc60a054a62.jpg,minimalist
./dataset\minimalist\60744f4369388dc12ce5007128fde602.jpg,minimalist
./dataset\minimalist\62d71d2a6b70796a6e736b700375e842.jpg,minimalist
./dataset\minimalist\62ecf6fc2d452589d9fc83ed32a1fa41.jpg,minimalist
./dataset\minimalist\65ca7f261b88d7913b0b50b7b29ed023.jpg,minimalist
./dataset\minimalist\65dfd0bd9cef756ee08a84396b52ad6a.jpg,minimalist
./dataset\minimalist\680598c0adbafb003b1cfa6204a1ed8e.jpg,minimalist
./dataset\minimalist\69d5369726c75dd288df7b8e7d762f9a.jpg,minimalist
./dataset\minimalist\69e878ac37ac86da8ac29528f930acb0.jpg,minimalist
./dataset\minimalist\6c984e44692c727e4af6f1fb2c22521a.jpg,minimalist
./dataset\minimalist\71928940a86ea5a69310e4781dd68b08.jpg,minimalist
./dataset\minimalist\7480be58861c5f54bea519c720063053.jpg,minimalist
./dataset\minimalist\7494a9e58fe0c6e036eee712485eb10d.jpg,minimalist
./dataset\minimalist\7596ffb7616293226fdef3301c952c17.jpg,minimalist
./dataset\minimalist\75cd211c4f84e9c77d05ccfec456eff9.jpg,minimalist
./dataset\minimalist\76db128949ad8eda23818e6054417fcf.jpg,minimalist
./dataset\minimalist\77e60f22974d121aec20ef06ae2d4a0a.jpg,minimalist
./dataset\minimalist\77f26d4504b0cd073e5f2730c0fe210d.png,minimalist
./dataset\minimalist\78afdc444c33da9ce5417451eea848fd.jpg,minimalist
./dataset\minimalist\78f78f3119a117a00caa57b6bd5b9f7f.jpg,minimalist
./dataset\minimalist\79b3940f9c0dcc875634fc9eaea4c6fa.jpg,minimalist
./dataset\minimalist\79bd3dd36c2c59723ce49ebd34260cc4.jpg,minimalist
./dataset\minimalist\7a2835436d718be0661370562ca5b444.jpg,minimalist
./dataset\minimalist\7b518bc883b67e591713a38b94496cc2.jpg,minimalist
./dataset\minimalist\7dd51644fccddf9c96944a28e3113cf5.jpg,minimalist
./dataset\minimalist\7fe998b63a6eb01100d3ccd4055c62e0.png,minimalist
./dataset\minimalist\823cfea9dbbc122e8e740e3352d03051.jpg,minimalist
./dataset\minimalist\8284832959adb27b1ec0284579e8641a.jpg,minimalist
./dataset\minimalist\84551c10e0ad3bc5cc3185f23a2885f9.jpg,minimalist
./dataset\minimalist\86bcd252232d32898ca7eeb15845c841.jpg,minimalist
./dataset\minimalist\86c76f2b9c48f8b8df2def6f4121c220.jpg,minimalist
./dataset\minimalist\8b88edc2cc392af2163bb359352bed08.jpg,minimalist
./dataset\minimalist\8d78d77ba9299e5997b80ea6ca122e6e.jpg,minimalist
./dataset\minimalist\8f24ab2e2d86f07acf9efaad05a0ee16.jpg,minimalist
./dataset\minimalist\908525f25ef02244f53ad691cb9f9f04.jpg,minimalist
./dataset\minimalist\93a3d568bc9657a067470d59ed6f72e7.jpg,minimalist
./dataset\minimalist\960e858a664f7a4aac1a08b7fc3c0be5.jpg,minimalist
./dataset\minimalist\98f7d8682ac906638b79e7aef68247d8.jpg,minimalist
./dataset\minimalist\99125d1b4e5bdf3c3dc0b55c1fe3255b.jpg,minimalist
./dataset\minimalist\9b29a7304ffa9d5888ad10202fcbaf8a.jpg,minimalist
./dataset\minimalist\9b81c6ba1ecb4fe1ac5bf6babefca659.png,minimalist
./dataset\minimalist\9f099c3f7b56ae3c4d946209f56b694c.jpg,minimalist
./dataset\minimalist\a0ca3215d7098e61bb65b803bfd6633e.jpg,minimalist
./dataset\minimalist\a25226f3aa7b04743fc0cfea2a9dec23.jpg,minimalist
./dataset\minimalist\a2a52c377076115783896c0ce7a9646a.png,minimalist
./dataset\minimalist\a5e9833f7f76a516cd09216acc901d6a.jpg,minimalist
./dataset\minimalist\a6bf1b6e04aeca5ac4532bd17a51ff66.jpg,minimalist
./dataset\minimalist\a81bf8586c79e91fd1776991f7b4015d.png,minimalist
./dataset\minimalist\a8956baad569cbc9f0d959f138aafa2b.jpg,minimalist
./dataset\minimalist\a8e161bab078118252c2aeb0fc1ca9ed.jpg,minimalist
./dataset\minimalist\aac10ec1fa72f954cccf3978500cdd03.jpg,minimalist
./dataset\minimalist\aaf8a29edc876d2ebe5ccf22228a074a.jpg,minimalist
./dataset\minimalist\ae98de554244a211fde1d21154a3ea7b.jpg,minimalist
./dataset\minimalist\b028f96d69e2fb813b1090e9def8841e.jpg,minimalist
./dataset\minimalist\b05d78df001d90a173cf96c07bf56a09.jpg,minimalist
./dataset\minimalist\b23f589da7c86cf52a320b02dcf45174.jpg,minimalist
./dataset\minimalist\b3b5e81500cff200a0b48dd3a502783c.jpg,minimalist
./dataset\minimalist\b588dca13eb0c5aa02e497775124865f.jpg,minimalist
./dataset\minimalist\b6114827049a217d8ef98e89486ca621.jpg,minimalist
./dataset\minimalist\b657c277701fbbe45f0cb12186a6b722.jpg,minimalist
./dataset\minimalist\b6aea4dc22502a1c8d95f05f769d6590.png,minimalist
./dataset\minimalist\b8ce2e32cd5b7c9169b62ab4160438b1.jpg,minimalist
./dataset\minimalist\b943aacab93edd8ce5ce3354b069577c.jpg,minimalist
./dataset\minimalist\bb891225a0f1b728e3dd0fc919a13bfb.jpg,minimalist
./dataset\minimalist\bed9c21c3aa41e50ee13748d94631e30.jpg,minimalist
./dataset\minimalist\befb9ff74f49d48175dc790fc4e13d7c.jpg,minimalist
./dataset\minimalist\c021794223c36233a91301b93006cb21.jpg,minimalist
./dataset\minimalist\c20a25c8d715e26d3420faf4f33541cc.png,minimalist
./dataset\minimalist\c29bd03b9ae40ca361cb83a5d889853e.jpg,minimalist
./dataset\minimalist\c2f6e7c85b1dba833fa4ec7732003d43.jpg,minimalist
./dataset\minimalist\c5547afdcfb8143af82406d23c5f197d.jpg,minimalist
./dataset\minimalist\c72273f0f2c51cc0d026e2c11bb1d5ca.jpg,minimalist
./dataset\minimalist\c9e87767a0f33be8185adec31a516c17.jpg,minimalist
./dataset\minimalist\cbab7550559f194b959ed69db63baaf9.jpg,minimalist
./dataset\minimalist\cbbb6bc8040a68e5db88ec16e3baf9d0.jpg,minimalist
./dataset\minimalist\cefbff28827934b81d58e12294c69986.jpg,minimalist
./dataset\minimalist\d0b4af31294df23df98484e5f6cdf516.jpg,minimalist
./dataset\minimalist\d2f13e4c771787aa68f16f70dab36c7a.jpg,minimalist
./dataset\minimalist\d57168ecf9d986d9b064d1274fc9907b.jpg,minimalist
./dataset\minimalist\d58af6adad2ecf62c602b55c5dc3431a.jpg,minimalist
./dataset\minimalist\d5b6460dc903284f89049bab23311aee.png,minimalist
./dataset\minimalist\d65a74c6c371cb983799a0c3ddfe9118.jpg,minimalist
./dataset\minimalist\d82bbb2d6d2fba770293ab7cb3566e8c.jpg,minimalist
./dataset\minimalist\d849ab35c3f0e56baf2ebbe346607dfb.jpg,minimalist
./dataset\minimalist\d961459760d27eda8a9bcd366f825b51.jpg,minimalist
./dataset\minimalist\db371d697d543e9168a2a18167b6e4dc.jpg,minimalist
./dataset\minimalist\dc7d436d74fe4d224bb6ca6be7c76ea3.jpg,minimalist
./dataset\minimalist\dcb033db619261db95dc034300973eca.jpg,minimalist
./dataset\minimalist\dd4bbf03f696ca168a9361ef147b120b.jpg,minimalist
./dataset\minimalist\dfcd288b92a3e37594796e4d8b06d51a.jpg,minimalist
./dataset\minimalist\e1bc9de4ef73163854658f444018b54c.jpg,minimalist
./dataset\minimalist\e1cbb51606dbb74bcad1885f207ce424.jpg,minimalist
./dataset\minimalist\e4c9fc7500a284d54dc91c6c29c487bf.jpg,minimalist
./dataset\minimalist\e6448acad6d927b154fa83c4fb6ce3b0.png,minimalist
./dataset\minimalist\e734beab5b74ac0d70912298874baa60.jpg,minimalist
./dataset\minimalist\e7b7e392d53924ccb097ed7872a0dec9.jpg,minimalist
./dataset\minimalist\e7bfb5910cb64dea54af5fd2c19cc131.jpg,minimalist
./dataset\minimalist\e9f77b96b2c07fccbff164434bab4f85.jpg,minimalist
./dataset\minimalist\eb0cee3a30eb3651385887500610884a.jpg,minimalist
./dataset\minimalist\ed79429654a84b83b54a1b85a97e186f.jpg,minimalist
./dataset\minimalist\eda713ed0b5075787f83a60d868ad002.jpg,minimalist
./dataset\minimalist\edb58077ffffef3047c155288993a940.jpg,minimalist
./dataset\minimalist\edb809da1830c2cae3e93fe422f757fc.jpg,minimalist
./dataset\minimalist\ee2d9dff65616240139eca4e07d189c9.jpg,minimalist
./dataset\minimalist\eebd20cf28edc9b42f03a02f9f849826.jpg,minimalist
./dataset\minimalist\efefd380b1f860b3e9d158b772b130d8.jpg,minimalist
./dataset\minimalist\f0735b8c5f265e5c88b2c11670e7787c.jpg,minimalist
./dataset\minimalist\f0b6999f695b6bc31c400244ed437ca3.png,minimalist
./dataset\minimalist\f1310404b13c9bdce7ce73fbebaa4b0c.jpg,minimalist
./dataset\minimalist\f25e109104d3c075ecf8befe87823605.jpg,minimalist
./dataset\minimalist\f5551ed31b1cce0c058e5517291f5b9b.jpg,minimalist
./dataset\minimalist\f5ced4cf89680b41ef453243ccc9bcad.jpg,minimalist
./dataset\minimalist\f620b9c3884dc9e7410b0be6b66a761d.jpg,minimalist
./dataset\minimalist\f95c2342ceca3ee9b9401063242b70df.jpg,minimalist
./dataset\minimalist\ff2279cea46550558513f3ee1c35a90f.jpg,minimalist
./dataset\streetwear\01518c36f7f6246d363f0ad7f0fc8a97.jpg,streetwear
./dataset\streetwear\01e903b17b7f813a5c4c9338842a1169.jpg,streetwear
./dataset\streetwear\02b46c0bab6078d779a589c1d89d400d.jpg,streetwear
./dataset\streetwear\04c4b4998dd92194ba5bbdac698c5d29.png,streetwear
./dataset\streetwear\06f1a773b608de123ad3d29a3174cfb5.jpg,streetwear
./dataset\streetwear\06f8000b462595097559c8c04768d139.jpg,streetwear
./dataset\streetwear\0795b4f18bb5ec5bc560efe4cd7cc64b.png,streetwear
./dataset\streetwear\07d8e66137ed878dee34ad79b3f24394.jpg,streetwear
./dataset\streetwear\0af54dee40746b0ed97c7aa6870b15e3.jpg,streetwear
./dataset\streetwear\0b4a230dc9b706c33a6453c1f30f5d82.jpg,streetwear
./dataset\streetwear\0b4c4188b455c98f0b3cdd1a9b5d15c8.jpg,streetwear
./dataset\streetwear\0dbb5d77905940b50cd12b48032478b0.jpg,streetwear
./dataset\streetwear\0df031aa0d5b46a788d9a3965d49d361.jpg,streetwear
./dataset\streetwear\0faec852f6c51b62091475466624ef59.jpg,streetwear
./dataset\streetwear\104d9dd0f1fce38d642f3d4c21cccea8.jpg,streetwear
./dataset\streetwear\116d6fc79e2ed3e2b36ebabbb1bb0851.jpg,streetwear
./dataset\streetwear\1180dc3d327d1bf1cecaffaa32764f64.jpg,streetwear
./dataset\streetwear\11ad8fadc5f0bec001f34c6103043da6.jpg,streetwear
./dataset\streetwear\123ef71c67a5f72903898e5c385f4da1.jpg,streetwear
./dataset\streetwear\135780d199ea9986756167c90d9bd23d.png,streetwear
./dataset\streetwear\13b86ccc4f5ae4bf8c9967a706de6b7e.jpg,streetwear
./dataset\streetwear\13e477fdf47cc067cbf60785dd9d1770.jpg,streetwear
./dataset\streetwear\15d18f04f6477dc292cb4769ca1c7c41.jpg,streetwear
./dataset\streetwear\16a37c97ce9878c0faefbfc320410ee6.jpg,streetwear
./dataset\streetwear\171a41ea553a71fd3242d3fff0f11f37.jpg,streetwear
./dataset\streetwear\1739b1601e77b87716bca1cfbaf64866.jpg,streetwear
./dataset\streetwear\17ff8d16eb37680b796d83c51f05ea75.jpg,streetwear
./dataset\streetwear\195ba54e49fdb3b29f83f6ef6f133679.jpg,streetwear
./dataset\streetwear\19626c63d238736ae060f926460261a8.jpg,streetwear
./dataset\streetwear\1b90b9aee0debea64d67b0032d634e47.jpg,streetwear
./dataset\streetwear\1bdade24a802996c6f49c0ffb01f796d.jpg,streetwear
./dataset\streetwear\1d593034d5580ee37f705d3816f959ff.jpg,streetwear
./dataset\streetwear\1d5df767b36e7ed743ac70bbc0cc5e30.jpg,streetwear
./dataset\streetwear\1e31d29e7b52c2a74386562a1e375859.jpg,streetwear
./dataset\streetwear\1eff83092afb17bc0a5a8f725c2732e7.jpg,streetwear
./dataset\streetwear\1f5edfa35dbd0c21a5610f564f3c360c.jpg,streetwear
./dataset\streetwear\1f9d31f6a55735203e2d0f86e3feddd9.jpg,streetwear
./dataset\streetwear\1fe4a41a2329745cf9b59f2f4fdfcc32.jpg,streetwear
./dataset\streetwear\201c65cb2c1caeee42998921458ad634.jpg,streetwear
./dataset\streetwear\202618e523b92ae1dd6ad48aa0df6213.jpg,streetwear
./dataset\streetwear\20fc92ba29b1599ea1deaccdca200a18.jpg,streetwear
./dataset\streetwear\216b465037190838007a4dadf84674c4.jpg,streetwear
./dataset\streetwear\2178b494a2d5fbd6c7a1dd4d8a76cb6d.jpg,streetwear
./dataset\streetwear\23f1a785ab560b188c9b9ea65ede52f2.jpg,streetwear
./dataset\streetwear\245ac43a3e0f3c9523cb7b3e8ba33d99.jpg,streetwear
./dataset\streetwear\246dfc2c64c47af387d790bf317fa974.jpg,streetwear
./dataset\streetwear\26ff48df4c5b7a11acc2ae3fe16a7786.jpg,streetwear
./dataset\streetwear\270a458ec54723922b65c03660491cd2.jpg,streetwear
./dataset\streetwear\277105de255e6021a45260559f4ed855.jpg,streetwear
./dataset\streetwear\27a4e5d1f9da0e2edf92d1b3ffcefba2.jpg,streetwear
./dataset\streetwear\2884ea06f5c1e7606e3afd57f0b40b60.jpg,streetwear
./dataset\streetwear\2e460e019630d4fae849199a8a6ec242.jpg,streetwear
./dataset\streetwear\3128fc669b7e45f5eab77d79541052c0.jpg,streetwear
./dataset\streetwear\313a1bc2a65b1b3704963a8549d73948.jpg,streetwear
./dataset\streetwear\325d54fce6881e420af7a29efe35b00b.jpg,streetwear
./dataset\streetwear\32d22dfdc05eb9a8c2671017b761ca37.jpg,streetwear
./dataset\streetwear\32db0b1d3d87a58ff9e7164f64fc6e1b.jpg,streetwear
./dataset\streetwear\32ef6c86358979aa76b52cbb0188d142.png,streetwear
./dataset\streetwear\33dd602681714b7edd402424317f9a99.jpg,streetwear
./dataset\streetwear\341ecbb3fcf8a49b8aa6751aec433a17.jpg,streetwear
./dataset\streetwear\344b52a43988f7ad7f28dbeb4faff364.jpg,streetwear
./dataset\streetwear\359fbc1bdfe83220bfea5dc514eff16e.jpg,streetwear
./dataset\streetwear\35b613e50e05a50f835788244095cfc3.jpg,streetwear
./dataset\streetwear\35f6c466578e2dbea0e36b56c51b83b9.jpg,streetwear
./dataset\streetwear\36493c9a6eaf5b41aed38b03bdb9d500.png,streetwear
./dataset\streetwear\36af614ecbf4605e91cfd1b498b35b01.jpg,streetwear
./dataset\streetwear\3877e92787b2cf54270cd9aa7af5c259.jpg,streetwear
./dataset\streetwear\3907093092f51bee5b6c2ecb2762feda.jpg,streetwear
./dataset\streetwear\3b7c427d7e922b0c56a45c9a2d577530.jpg,streetwear
./dataset\streetwear\3bf63e4620f5c3c3e60cdaf6b5157867.jpg,streetwear
./dataset\streetwear\3d31c3b4eea934a005e4b8e9e23bbca3.jpg,streetwear
./dataset\streetwear\3d757c11e23ba44ebf9be18ed0fac755.jpg,streetwear
./dataset\streetwear\3d8ed7e2ef6c10391dc59afcb4b8e238.jpg,streetwear
./dataset\streetwear\3e20c94a50b75948678c514361c1a58d.jpg,streetwear
./dataset\streetwear\3f128dc6afaaf5a746f5d1ef44711c72.jpg,streetwear
./dataset\streetwear\406cac65a37f0ded2a15e9e3630c4f84.jpg,streetwear
./dataset\streetwear\40d0569f6b6c278711e650823eb03b07.jpg,streetwear
./dataset\streetwear\4118841342b668b3a28f5a548d96e59f.jpg,streetwear
./dataset\streetwear\4147f615e8aca1dc90b05bd003a6a9f6.jpg,streetwear
./dataset\streetwear\42bd70cbd66bcd209e5d520defdc33e8.jpg,streetwear
./dataset\streetwear\43484d0289e94693da4872d1571bef13.jpg,streetwear
./dataset\streetwear\439108869d8721b4d358ebf9da0fc242.jpg,streetwear
./dataset\streetwear\445cd0e7651e0fa3e8195481c4774b9b.jpg,streetwear
./dataset\streetwear\44d774bcfd868abfc3470a3230931e6d.jpg,streetwear
./dataset\streetwear\44facd5845933a71bc6be4461ac9db63.png,streetwear
./dataset\streetwear\46d5d41ac4df77709707a141cbceac6c.jpg,streetwear
./dataset\streetwear\4873364bd440f0d597869d08b752063a.jpg,streetwear
./dataset\streetwear\49f7481952681610b7a4a8e1e2aa8e5b.jpg,streetwear
./dataset\streetwear\4c8286e122e7cfbc947debe8deac2b5b.png,streetwear
./dataset\streetwear\4c8331f6c0c70e27963355dbb3886718.jpg,streetwear
./dataset\streetwear\4d14ca3483e7385bf18dc64f21ec317c.jpg,streetwear
./dataset\streetwear\4e2561ba4ad9224d52d68958ef7c2eff.png,streetwear
./dataset\streetwear\4ee4bb143402bc3ecccd506da438d57b.jpg,streetwear
./dataset\streetwear\4f2bebca05d72a954cbc0e5d8f5d18aa.jpg,streetwear
./dataset\streetwear\502e4ed994a7e194f69fa191ec1f118d.jpg,streetwear
./dataset\streetwear\5030a23e2a4d6baf9869b77f6694fbd4.jpg,streetwear
./dataset\streetwear\5170a03719172c4be0b2ae7dcfa649f5.jpg,streetwear
./dataset\streetwear\51c4e76681ecf60e98025cb5fb63d81f.jpg,streetwear
./dataset\streetwear\51f4e062aaf542504753e65908e78197.jpg,streetwear
./dataset\streetwear\559c966d3359fa0bfedcd57342018fe0.png,streetwear
./dataset\streetwear\55eb49688983beb88f3e1d6f98f65ad0.jpg,streetwear
./dataset\streetwear\573fe851127554f0d394c9c29a325b1a.jpg,streetwear
./dataset\streetwear\57ca58d5da6f0d61fcafb1c4b82a55f8.jpg,streetwear
./dataset\streetwear\583c516e7f2ea83f38cf9515aea6953c.jpg,streetwear
./dataset\streetwear\59f3e6541b60ba0a1a1eeb3dc7260aab.jpg,streetwear
./dataset\streetwear\5aab615f3d8d37a2c26ca8cf9c8b04c2.jpg,streetwear
./dataset\streetwear\5b6dace25cd8d3a3d7e0940e7e8b2c56.png,streetwear
./dataset\streetwear\5b8eeff99f61fecd3b2956526a18724c.jpg,streetwear
./dataset\streetwear\5cd53e98e04c7f317937e81ab466ff06.jpg,streetwear
./dataset\streetwear\5e12a84ae00441adfb58af7b92d0f22e.jpg,streetwear
./dataset\streetwear\5e735f682c561755a43c3d26d2489a71.jpg,streetwear
./dataset\streetwear\5eb026fc6437830b6713a5b28ef1a3f6.jpg,streetwear
./dataset\streetwear\5ee8019cef157a5ac66f45a3587522ac.jpg,streetwear
./dataset\streetwear\5fc21bd55c541892e1a615a71eddef38.png,streetwear
./dataset\streetwear\600f5377d1ac40b87f08bc0816d1f3ba.jpg,streetwear
./dataset\streetwear\607854cbca9b68c6924d2b6fa9f69afa.jpg,streetwear
./dataset\streetwear\609cb224c9a7d3df289d3cfdf0074d44.jpg,streetwear
./dataset\streetwear\612c6f06a3d3fa67af4aaee62198258d.jpg,streetwear
./dataset\streetwear\61d6647dafa1ea02fdb8c641c8b74ad7.jpg,streetwear
./dataset\streetwear\66e9975646328c7028fcb6a68a629043.png,streetwear
./dataset\streetwear\675da8a410dda365f8b9bd778066f101.jpg,streetwear
./dataset\streetwear\67fe53729d17f12283dc3a846c2ec4ee.jpg,streetwear
./dataset\streetwear\692d7b2e18a27f2465a4c8273cfc3157.jpg,streetwear
./dataset\streetwear\6b75d1a147b3b8e0d7e6a11b2c5deacc.jpg,streetwear
./dataset\streetwear\6bbe597866d5121a868ff88921285b68.jpg,streetwear
./dataset\streetwear\6c36a30aae04c6aeb45ce01e9ca0f086.jpg,streetwear
./dataset\streetwear\6d31cdef4eaeb203654ca8f597ad0e7f.jpg,streetwear
./dataset\streetwear\6d8dd08749d0898b73947292b7566a89.jpg,streetwear
./dataset\streetwear\6e8cb71cf7c8081839132386004c1b40.jpg,streetwear
./dataset\streetwear\6f3a943f0e64a447780d121abf78960c.jpg,streetwear
./dataset\streetwear\6f71b99b422168c8d2efb05815eaf58d.jpg,streetwear
./dataset\streetwear\6face63993355098e53000ab44a2f01b.jpg,streetwear
./dataset\streetwear\6fcd10dcc7d41fb20817c77f70ce5ff9.jpg,streetwear
./dataset\streetwear\71163dd702d4f860e22000a46d25aff9.png,streetwear
./dataset\streetwear\712aaa22a1fee8b57f31b78e6345249c.jpg,streetwear
./dataset\streetwear\725938d115d78ab7aa547fca7c08def8.jpg,streetwear
./dataset\streetwear\731a127989f17b1b775b14fc98db61c2.jpg,streetwear
./dataset\streetwear\737284fda42d48fd734e101c05b075ab.jpg,streetwear
./dataset\streetwear\73ae6bf72c5ce4ed1816086c83ab7301.jpg,streetwear
./dataset\streetwear\74239416a2559caa5728a4f5a0eb8162.jpg,streetwear
./dataset\streetwear\75201b0c242ee95f4c83746a4851dd1f.jpg,streetwear
./dataset\streetwear\75f73d93ceefe44a71e6581ff7ba007b.jpg,streetwear
./dataset\streetwear\7603726ef1b3bb698fd1e00df3babcf0.jpg,streetwear
./dataset\streetwear\7697499f42ef5f935e9f0a9512081c4b.jpg,streetwear
./dataset\streetwear\7734a7ad03c8ba997efb527cbca8205d.jpg,streetwear
./dataset\streetwear\7932458d711bda541d54e694a34ba53a.jpg,streetwear
./dataset\streetwear\799e4832f5b9c3637d30408ad9f52a4a.jpg,streetwear
./dataset\streetwear\7adb185c2f6bf1ad9e62d9dfb4662fc4.jpg,streetwear
./dataset\streetwear\7af8020e2ef4f534caf5194a396f1774.jpg,streetwear
./dataset\streetwear\7b3c2bd3c9b8cfce75d948aa915afa9e.jpg,streetwear
./dataset\streetwear\7c18adad2b8b2d5bf3f1d2f1c2e22cbd.jpg,streetwear
./dataset\streetwear\7d6362cab510245930b2c6c8038b0d92.png,streetwear
./dataset\streetwear\7faa4a8c435211f6529cac5c74b7f8a3.jpg,streetwear
./dataset\streetwear\8150c1afa6d6c9a49da3491ee1b9b9ff.png,streetwear
./dataset\streetwear\820c44e8ac89a584d506acef3bb5951d.png,streetwear
./dataset\streetwear\8277fa2e76189d53db1024b889715ac9.jpg,streetwear
./dataset\streetwear\83b013ad96a09f671f8822dc8aea65c0.jpg,streetwear
./dataset\streetwear\83e6c299c7cfbaccf433445a84683f01.jpg,streetwear
./dataset\streetwear\83f6387b148cb38960391ea4173abaca.jpg,streetwear
./dataset\streetwear\846c9be3c68de9b83837e69c7b3710e7.jpg,streetwear
./dataset\streetwear\84bec925ad605b048af1a293a9bb8452.jpg,streetwear
./dataset\streetwear\8592ff6c400e564272e671fd6fe2fbfe.jpg,streetwear
./dataset\streetwear\85e897e5fe266c611fc5569de3de7b7f.jpg,streetwear
./dataset\streetwear\861e5755b99fe01d56e44b9a59a26257.jpg,streetwear
./dataset\streetwear\8697b3216cc31d9608a5fb2a1e19be66.jpg,streetwear
./dataset\streetwear\86f667e343af5806b461d71c3b182744.jpg,streetwear
./dataset\streetwear\8d89898669ffadad06cd5f22e0ed6d9a.jpg,streetwear
./dataset\streetwear\8e2cd7e083c4fb6752a1f7fa74b5b6a4.jpg,streetwear
./dataset\streetwear\8eb0c0c2ae8c3772e83c0128b73145f8.jpg,streetwear
./dataset\streetwear\8fa5a215974a2c9529553665697fc97c.jpg,streetwear
./dataset\streetwear\8fd466233ae2d987f8665926c7ff3ae0.jpg,streetwear
./dataset\streetwear\9244f845f7a6776bfa7e91bd2f822181.png,streetwear
./dataset\streetwear\932c831294e8be2c22f04a546f3b7d41.jpg,streetwear
./dataset\streetwear\936ec8f3609424a2fe1daa28d7055c1a.jpg,streetwear
./dataset\streetwear\95655b5fc53b113f650dac58b4e26f1e.jpg,streetwear
./dataset\streetwear\95c79deeafcbb89fea9ef2ed209b75bc.jpg,streetwear
./dataset\streetwear\960804d47c27573b9823f4d0729ebb7a.jpg,streetwear
./dataset\streetwear\96e8687e63bd32399399a790e58e847d.jpg,streetwear
./dataset\streetwear\976c1a66bfe07862deef02746de2d52c.jpg,streetwear
./dataset\streetwear\988f6c8445dfa7249a08d4c8e536ad45.jpg,streetwear
./dataset\streetwear\98fb8c543f1bfc7aed1d86587f08e7fd.jpg,streetwear
./dataset\streetwear\990e5efc75476e2b27fdc02f13340b29.jpg,streetwear
./dataset\streetwear\995c8bc29988f453930a5981d7e4d281.jpg,streetwear
./dataset\streetwear\999dc03a4d1232ae0403310d8378c884.jpg,streetwear
./dataset\streetwear\9a17410eb34dc1075cb5c486dbfd5bcb.jpg,streetwear
./dataset\streetwear\9a6604dce155256b57ff0eb4ce2c66e8.jpg,streetwear
./dataset\streetwear\a0165037ac3f9c3c6f8ab942794505cf.jpg,streetwear
./dataset\streetwear\a0835287d8b8294f645b0baaf2484977.jpg,streetwear
./dataset\streetwear\a15cbc4a8272c6e69fc086ea7a4961d8.jpg,streetwear
./dataset\streetwear\a3094db57d5f487f472ba339a439392d.jpg,streetwear
./dataset\streetwear\a32422e996f2d758fd40d44993055741.jpg,streetwear
./dataset\streetwear\a362ea51e76b90eaa9cedc5c6fb1cc8b.jpg,streetwear
./dataset\streetwear\a468d051035261ac6a4917ecbacccfdc.jpg,streetwear
./dataset\streetwear\a566a4dc289542c6a3d05f69e82307c2.jpg,streetwear
./dataset\streetwear\a6eaa2e16208a9d403c17dc25a7b898d.jpg,streetwear
./dataset\streetwear\a70c614539b40f0049f3fc4548bd1aeb.png,streetwear
./dataset\streetwear\a850ae6ffd796a7bf252de21ef0de53f.png,streetwear
./dataset\streetwear\a8d85e66394e595bafb10ea553bdcb20.jpg,streetwear
./dataset\streetwear\a92c50e2baa520caa7b2c3022e642d7f.jpg,streetwear
./dataset\streetwear\a9567ae99b2de2a6f890a69e1d88fea7.jpg,streetwear
./dataset\streetwear\aa9ba45a28e544a8209dd9e7e8001844.jpg,streetwear
./dataset\streetwear\aab5356d9fb4da8221a09c32f5b2aef7.jpg,streetwear
./dataset\streetwear\ab1c1060b2afc55dc266c8c47e08b513.jpg,streetwear
./dataset\streetwear\ae3b3f812bd08f1e0dd539404852ce52.png,streetwear
./dataset\streetwear\b064ef868964e703e536448b71d419ed.jpg,streetwear
./dataset\streetwear\b15eb169185b72a2ba3aa736e23a6409.jpg,streetwear
./dataset\streetwear\b1d4abc523963dfb3ebcba7c6b9cf956.jpg,streetwear
./dataset\streetwear\b287b52b3ed49f1e85bbda0bdd57ca42.jpg,streetwear
./dataset\streetwear\b364a5632165c5ae546931b6f92a5a18.jpg,streetwear
./dataset\streetwear\b3fbc42e66213bf204a5f4bbad348da7.jpg,streetwear
./dataset\streetwear\b4df4d01f4de0102bd6196dfc227e803.jpg,streetwear
./dataset\streetwear\b51e62d8ba624753f71753e540df3258.jpg,streetwear
./dataset\streetwear\b84e82f88b0ca7b4136d13171e256f79.jpg,streetwear
./dataset\streetwear\b8efd8283438b489c44fd40cc89bcf6d.jpg,streetwear
./dataset\streetwear\b91a97fc012f11b253eabba113aded3d.jpg,streetwear
./dataset\streetwear\ba6151715d2eb478999d1b4b57a5a83e.jpg,streetwear
./dataset\streetwear\bae0d8b7b8b43cb51f3174c6eff4f176.jpg,streetwear
./dataset\streetwear\bb328d34a19570136de899a70fb86951.jpg,streetwear
./dataset\streetwear\bb418bfb202ca397cb1896418222f903.jpg,streetwear
./dataset\streetwear\bb86283026998cd71b859683bba02b86.jpg,streetwear
./dataset\streetwear\bf743218e8013c4f748a2ff9a7361cc2.jpg,streetwear
./dataset\streetwear\bfe47fe2de1f63a4cf20d1849be37d59.jpg,streetwear
./dataset\streetwear\c11b27278bd74de627dc37dd17ebf524.jpg,streetwear
./dataset\streetwear\c19eba80bb515eec2ae1d1122fc1b17a.png,streetwear
./dataset\streetwear\c292b40b75752a454c67b356484c10be.jpg,streetwear
./dataset\streetwear\c3e4bf475828a28da58302cdd1d9fc5e.jpg,streetwear
./dataset\streetwear\c435aede9dcd3ea519b88cae2fbef9e4.png,streetwear
./dataset\streetwear\c71e9a763f5c5027629d78dfc676f2b4.jpg,streetwear
./dataset\streetwear\c73200de76698b57335e79fd2527f310.jpg,streetwear
./dataset\streetwear\c82d4dbc3b6cd552cf1261b7f915ab5b.jpg,streetwear
./dataset\streetwear\c96be9f1ec090b53007dd4e8c1291b70.jpg,streetwear
./dataset\streetwear\c97c18c29abb109a0b92694a57008345.jpg,streetwear
./dataset\streetwear\cac51e48a4e0ea786fe44c568842a73e.jpg,streetwear
./dataset\streetwear\ccc40355e1efbbc8cdf2694e81f23ec9.jpg,streetwear
./dataset\streetwear\cd77600f57353329c81207b3f3a714ba.jpg,streetwear
./dataset\streetwear\ce3e75fbf9e9c5b2222e68defb06816d.jpg,streetwear
./dataset\streetwear\ce4d42d3dee8ae0ea5c9bb2e4e3c683d.png,streetwear
./dataset\streetwear\ceba466cb83fbd817d492bc469e6e86d.jpg,streetwear
./dataset\streetwear\d0781c26c7badac3f81904a2e0aad6bb.png,streetwear
./dataset\streetwear\d10c668c5f3d9a4f166ee970b08f15cd.jpg,streetwear
./dataset\streetwear\d4164a764df4540967709800a1aa62a5.jpg,streetwear
./dataset\streetwear\d45e0af0e0f5a084d14466a486c34c06.jpg,streetwear
./dataset\streetwear\d49428eb87b639eeca5ae0d6eb031335.jpg,streetwear
./dataset\streetwear\d58784c9cddf6c76fa4143369af2c614.jpg,streetwear
./dataset\streetwear\d5cf1175f124b087fb06a5504a5c6fce.jpg,streetwear
./dataset\streetwear\d7277710413c5b12a192d1a30f294b65.jpg,streetwear
./dataset\streetwear\d7a75ab3c54dd435283383163040abaa.jpg,streetwear
./dataset\streetwear\d826520616e9310442dab6e91b64637e.jpg,streetwear
./dataset\streetwear\d9a6998ee4322d2df3a4bcfe367c7f19.png,streetwear
./dataset\streetwear\dab50f406cfae701033597f80da2c5ba.jpg,streetwear
./dataset\streetwear\ddbf5b9506cb5c5af00a56508a99c44d.jpg,streetwear
./dataset\streetwear\de75fa43e08904a3e385c0339c6f0ec5.jpg,streetwear
./dataset\streetwear\de8b5d91ebb57e9728daebca5ad706ed.jpg,streetwear
./dataset\streetwear\df6d84628f8524f35a39e09464859413.jpg,streetwear
./dataset\streetwear\e143246df9f1d46c4cf8d22ce83e46e5.jpg,streetwear
./dataset\streetwear\e191fde10ca162f27c361ba473d4be97.jpg,streetwear
./dataset\streetwear\e2599886119616b12783d7a813e8cccc.jpg,streetwear
./dataset\streetwear\e3a5266df9608c36f4e91e7e451fbbd1.png,streetwear
./dataset\streetwear\e85aa155465d89151099465bedae5d98.jpg,streetwear
./dataset\streetwear\e8d9bda0450a8ea65281b1db8a5bfd83.jpg,streetwear
./dataset\streetwear\e9940664e3d7036dd35ae6c1e081639f.png,streetwear
./dataset\streetwear\ea4fcec42d4186a97c27affb54615db4.jpg,streetwear
./dataset\streetwear\ea5c0d97426f9845a93e315b2ac455f7.jpg,streetwear
./dataset\streetwear\ea9d11ed98e920e7907a2246863d4b2e.jpg,streetwear
./dataset\streetwear\eb9ca1a42a4eec4198b10f28d9027fb9.jpg,streetwear
./dataset\streetwear\ee9dcd68a9029ab4fcad405584a803b4.jpg,streetwear
./dataset\streetwear\eeb0624bc2512894cbe92b021024047e.jpg,streetwear
./dataset\streetwear\ef547e009dc9848f2fd18dd59488a914.jpg,streetwear
./dataset\streetwear\eff0db62b4015a66cf9b56dea1e0c088.jpg,streetwear
./dataset\streetwear\f077d9f199b8b1fffcac3bdbb806b7ca.jpg,streetwear
./dataset\streetwear\f0e264596bc9264896f5f42ac77b7452.jpg,streetwear
./dataset\streetwear\f25f3802aa7d07c5ec87e5276c519382.png,streetwear
./dataset\streetwear\f2834fb59250884bae1a080d12d7fd0b.jpg,streetwear
./dataset\streetwear\f28d841a314e4f521d73e04a672852c3.png,streetwear
./dataset\streetwear\f50c4445855095ce87f440ec6baf461f.jpg,streetwear
./dataset\streetwear\f6bc61edbb17ad92df755c01480535a1.jpg,streetwear
./dataset\streetwear\f82edbaca44e3e3e40b9b64638b9295a.jpg,streetwear
./dataset\streetwear\f8c37e051ab26dc5493c7ad8ea014d19.jpg,streetwear
./dataset\streetwear\f9d07dd87735cecbdcf13c0a50ce2aa8.jpg,streetwear
./dataset\streetwear\fa7659f6ab77041eb784b316b7874527.jpg,streetwear
./dataset\streetwear\fc9c15898f39c27c96408a3f3071da5b.jpg,streetwear
./dataset\streetwear\fc9dbaf0a530842f4b00f5b63561f04a.jpg,streetwear
./dataset\streetwear\fcfb4dfee611edbc9caf0e276aa15145.jpg,streetwear
./dataset\streetwear\fd52e329af1dd4a5bd0400c0ad917d19.jpg,streetwear
./dataset\streetwear\fe20154e547c26b77733c35541c2d055.jpg,streetwear
./dataset\streetwear\ffbe64e695b209b037b93169cc211c89.jpg,streetwear
